apps/vscode/src/sdk/__tests__/task-control-liveness.tcl-parent.adversarial.test.ts(169,8): error TS2741: Property 'clearTaskSettings' is missing in type '{ sessions: SdkSessionLifecycle; interactions: never; messages: never; taskHistory: never; getTask: () => never; setTask: (task: TaskProxy | undefined) => void; ... 5 more ...; taskOperationFence: TaskOperationFence; }' but required in type 'SdkTaskControlCoordinatorOptions'.
apps/vscode/src/sdk/__tests__/task-control-liveness.tcl-parent.test.ts(232,8): error TS2741: Property 'clearTaskSettings' is missing in type '{ taskOperationFence: TaskOperationFence; sessions: SdkSessionLifecycle; interactions: never; messages: never; taskHistory: never; getTask: () => never; ... 5 more ...; raiseCancelFence: Mock<...>; }' but required in type 'SdkTaskControlCoordinatorOptions'.
apps/vscode/src/sdk/__tests__/task-control-liveness.tcl-reach02.test.ts(156,8): error TS2741: Property 'clearTaskSettings' is missing in type '{ sessions: SdkSessionLifecycle; interactions: never; taskOperationFence: TaskOperationFence; messages: never; taskHistory: never; getTask: () => never; ... 5 more ...; raiseCancelFence: Mock<...>; }' but required in type 'SdkTaskControlCoordinatorOptions'.
apps/vscode/src/sdk/task-state-shadow-coordinator.ts(242,10): error TS2322: Type '{ type: "assistant-media"; snapshot: AgentRuntimeStateSnapshot; iteration: number; media: { id: string; modality: "file" | "image" | "audio" | "video"; mediaType: string; source: { ...; } | ... 1 more ... | { ...; }; name?: string | undefined; sizeBytes?: number | undefined; }; }' is not assignable to type 'never'.
apps/vscode/src/test/cline-core-vitest-stub.ts(3,40): error TS6059: File '/Volumes/UserData/Users/chistyakov/Projects/SPbNIX/clinemm/sdk/packages/core/src/extensions/tools/executors/file-read.ts' is not under 'rootDir' '/Volumes/UserData/Users/chistyakov/Projects/SPbNIX/clinemm/apps/vscode'. 'rootDir' is expected to contain all source files.
  The file is in the program because:
    Imported via "../../../../sdk/packages/core/src/extensions/tools/executors/file-read" from file '/Volumes/UserData/Users/chistyakov/Projects/SPbNIX/clinemm/apps/vscode/src/test/cline-core-vitest-stub.ts'
    Imported via "./file-read" from file '/Volumes/UserData/Users/chistyakov/Projects/SPbNIX/clinemm/sdk/packages/core/src/extensions/tools/executors/index.ts'
    Imported via "./file-read" from file '/Volumes/UserData/Users/chistyakov/Projects/SPbNIX/clinemm/sdk/packages/core/src/extensions/tools/executors/index.ts'
apps/vscode/src/test/cline-core-vitest-stub.ts(56,47): error TS6059: File '/Volumes/UserData/Users/chistyakov/Projects/SPbNIX/clinemm/sdk/packages/core/src/services/llms/provider-defaults.ts' is not under 'rootDir' '/Volumes/UserData/Users/chistyakov/Projects/SPbNIX/clinemm/apps/vscode'. 'rootDir' is expected to contain all source files.
  The file is in the program because:
    Imported via "../../../../sdk/packages/core/src/services/llms/provider-defaults" from file '/Volumes/UserData/Users/chistyakov/Projects/SPbNIX/clinemm/apps/vscode/src/test/cline-core-vitest-stub.ts'
    Imported via "./provider-defaults" from file '/Volumes/UserData/Users/chistyakov/Projects/SPbNIX/clinemm/sdk/packages/core/src/services/llms/cline-recommended-models.ts'
    Imported via "../../services/llms/provider-defaults" from file '/Volumes/UserData/Users/chistyakov/Projects/SPbNIX/clinemm/sdk/packages/core/src/services/providers/local-provider-service.ts'
    Imported via "./services/llms/provider-defaults" from file '/Volumes/UserData/Users/chistyakov/Projects/SPbNIX/clinemm/sdk/packages/core/src/index.ts'
    Imported via "./provider-defaults" from file '/Volumes/UserData/Users/chistyakov/Projects/SPbNIX/clinemm/sdk/packages/core/src/services/llms/provider-settings.ts'
apps/vscode/src/test/cline-core-vitest-stub.ts(190,47): error TS6059: File '/Volumes/UserData/Users/chistyakov/Projects/SPbNIX/clinemm/sdk/packages/core/src/runtime/command-policy/command-risk-internal.ts' is not under 'rootDir' '/Volumes/UserData/Users/chistyakov/Projects/SPbNIX/clinemm/apps/vscode'. 'rootDir' is expected to contain all source files.
apps/vscode/src/test/cline-core-vitest-stub.ts(224,7): error TS2724: '"../../../../sdk/packages/core/src/runtime/sandbox/types"' has no exported member named 'SandboxBackendOptIn'. Did you mean 'SandboxBackend'?
sdk/packages/core/src/account/cline-account-service.ts(14,8): error TS6059: File '/Volumes/UserData/Users/chistyakov/Projects/SPbNIX/clinemm/sdk/packages/core/src/account/types.ts' is not under 'rootDir' '/Volumes/UserData/Users/chistyakov/Projects/SPbNIX/clinemm/apps/vscode'. 'rootDir' is expected to contain all source files.
  The file is in the program because:
    Imported via "./types" from file '/Volumes/UserData/Users/chistyakov/Projects/SPbNIX/clinemm/sdk/packages/core/src/account/cline-account-service.ts'
    Imported via "./types" from file '/Volumes/UserData/Users/chistyakov/Projects/SPbNIX/clinemm/sdk/packages/core/src/account/rpc.ts'
    Imported via "./types" from file '/Volumes/UserData/Users/chistyakov/Projects/SPbNIX/clinemm/sdk/packages/core/src/account/index.ts'
sdk/packages/core/src/account/index.ts(4,8): error TS6059: File '/Volumes/UserData/Users/chistyakov/Projects/SPbNIX/clinemm/sdk/packages/core/src/account/cline-account-service.ts' is not under 'rootDir' '/Volumes/UserData/Users/chistyakov/Projects/SPbNIX/clinemm/apps/vscode'. 'rootDir' is expected to contain all source files.
sdk/packages/core/src/account/index.ts(11,8): error TS6059: File '/Volumes/UserData/Users/chistyakov/Projects/SPbNIX/clinemm/sdk/packages/core/src/account/rpc.ts' is not under 'rootDir' '/Volumes/UserData/Users/chistyakov/Projects/SPbNIX/clinemm/apps/vscode'. 'rootDir' is expected to contain all source files.
sdk/packages/core/src/auth/cline.ts(6,38): error TS6059: File '/Volumes/UserData/Users/chistyakov/Projects/SPbNIX/clinemm/sdk/packages/core/src/logging/early-logger.ts' is not under 'rootDir' '/Volumes/UserData/Users/chistyakov/Projects/SPbNIX/clinemm/apps/vscode'. 'rootDir' is expected to contain all source files.
  The file is in the program because:
    Imported via "../logging/early-logger" from file '/Volumes/UserData/Users/chistyakov/Projects/SPbNIX/clinemm/sdk/packages/core/src/auth/cline.ts'
    Imported via "../../logging/early-logger" from file '/Volumes/UserData/Users/chistyakov/Projects/SPbNIX/clinemm/sdk/packages/core/src/runtime/orchestration/runtime-oauth-token-manager.ts'
    Imported via "./logging/early-logger" from file '/Volumes/UserData/Users/chistyakov/Projects/SPbNIX/clinemm/sdk/packages/core/src/index.ts'
    Imported via "../../logging/early-logger" from file '/Volumes/UserData/Users/chistyakov/Projects/SPbNIX/clinemm/sdk/packages/core/src/services/providers/local-provider-registry.ts'
    Imported via "../../logging/early-logger" from file '/Volumes/UserData/Users/chistyakov/Projects/SPbNIX/clinemm/sdk/packages/core/src/services/storage/provider-settings-manager.ts'
sdk/packages/core/src/auth/oca.ts(10,8): error TS6059: File '/Volumes/UserData/Users/chistyakov/Projects/SPbNIX/clinemm/sdk/packages/core/src/services/telemetry/core-events.ts' is not under 'rootDir' '/Volumes/UserData/Users/chistyakov/Projects/SPbNIX/clinemm/apps/vscode'. 'rootDir' is expected to contain all source files.
  The file is in the program because:
    Imported via "../services/telemetry/core-events" from file '/Volumes/UserData/Users/chistyakov/Projects/SPbNIX/clinemm/sdk/packages/core/src/auth/oca.ts'
    Imported via "./telemetry/core-events" from file '/Volumes/UserData/Users/chistyakov/Projects/SPbNIX/clinemm/sdk/packages/core/src/services/global-settings.ts'
    Imported via "../../services/telemetry/core-events" from file '/Volumes/UserData/Users/chistyakov/Projects/SPbNIX/clinemm/sdk/packages/core/src/runtime/orchestration/session-runtime-orchestrator.ts'
    Imported via "../services/telemetry/core-events" from file '/Volumes/UserData/Users/chistyakov/Projects/SPbNIX/clinemm/sdk/packages/core/src/auth/cline.ts'
    Imported via "../services/telemetry/core-events" from file '/Volumes/UserData/Users/chistyakov/Projects/SPbNIX/clinemm/sdk/packages/core/src/auth/codex.ts'
    Imported via "../../services/telemetry/core-events" from file '/Volumes/UserData/Users/chistyakov/Projects/SPbNIX/clinemm/sdk/packages/core/src/extensions/tools/command-guard-extension.ts'
    Imported via "../../services/telemetry/core-events" from file '/Volumes/UserData/Users/chistyakov/Projects/SPbNIX/clinemm/sdk/packages/core/src/extensions/tools/definitions.ts'
    Imported via "../../services/telemetry/core-events" from file '/Volumes/UserData/Users/chistyakov/Projects/SPbNIX/clinemm/sdk/packages/core/src/extensions/context/compaction.ts'
    Imported via "./telemetry/core-events" from file '/Volumes/UserData/Users/chistyakov/Projects/SPbNIX/clinemm/sdk/packages/core/src/services/agent-events.ts'
    Imported via "../telemetry/core-events" from file '/Volumes/UserData/Users/chistyakov/Projects/SPbNIX/clinemm/sdk/packages/core/src/services/workspace/workspace-telemetry.ts'
    Imported via "./telemetry/core-events" from file '/Volumes/UserData/Users/chistyakov/Projects/SPbNIX/clinemm/sdk/packages/core/src/services/session-telemetry.ts'
    Imported via "../../services/telemetry/core-events" from file '/Volumes/UserData/Users/chistyakov/Projects/SPbNIX/clinemm/sdk/packages/core/src/runtime/host/local-runtime-host.ts'
    Imported via "../../../services/telemetry/core-events" from file '/Volumes/UserData/Users/chistyakov/Projects/SPbNIX/clinemm/sdk/packages/core/src/runtime/host/local/agent-event-bridge.ts'
    Imported via "../../../services/telemetry/core-events" from file '/Volumes/UserData/Users/chistyakov/Projects/SPbNIX/clinemm/sdk/packages/core/src/runtime/host/local/spawn-tool.ts'
    Imported via "../services/telemetry/core-events" from file '/Volumes/UserData/Users/chistyakov/Projects/SPbNIX/clinemm/sdk/packages/core/src/cline-core/telemetry.ts'
    Imported via "../../services/telemetry/core-events" from file '/Volumes/UserData/Users/chistyakov/Projects/SPbNIX/clinemm/sdk/packages/core/src/cron/service/schedule-tool.ts'
    Imported via "../services/telemetry/core-events" from file '/Volumes/UserData/Users/chistyakov/Projects/SPbNIX/clinemm/sdk/packages/core/src/tasks/agenda-task-tool.ts'
    Imported via "../../../services/telemetry/core-events" from file '/Volumes/UserData/Users/chistyakov/Projects/SPbNIX/clinemm/sdk/packages/core/src/hub/server/handlers/connector-handlers.ts'
    Imported via "./services/telemetry/core-events" from file '/Volumes/UserData/Users/chistyakov/Projects/SPbNIX/clinemm/sdk/packages/core/src/index.ts'
    Imported via "./services/telemetry/core-events" from file '/Volumes/UserData/Users/chistyakov/Projects/SPbNIX/clinemm/sdk/packages/core/src/index.ts'
sdk/packages/core/src/auth/oca.ts(11,33): error TS6059: File '/Volumes/UserData/Users/chistyakov/Projects/SPbNIX/clinemm/sdk/packages/core/src/auth/bounded-ttl-cache.ts' is not under 'rootDir' '/Volumes/UserData/Users/chistyakov/Projects/SPbNIX/clinemm/apps/vscode'. 'rootDir' is expected to contain all source files.
sdk/packages/core/src/auth/oca.ts(12,39): error TS6059: File '/Volumes/UserData/Users/chistyakov/Projects/SPbNIX/clinemm/sdk/packages/core/src/auth/server.ts' is not under 'rootDir' '/Volumes/UserData/Users/chistyakov/Projects/SPbNIX/clinemm/apps/vscode'. 'rootDir' is expected to contain all source files.
  The file is in the program because:
    Imported via "./server" from file '/Volumes/UserData/Users/chistyakov/Projects/SPbNIX/clinemm/sdk/packages/core/src/auth/oca.ts'
    Imported via "./server" from file '/Volumes/UserData/Users/chistyakov/Projects/SPbNIX/clinemm/sdk/packages/core/src/auth/types.ts'
    Imported via "./server" from file '/Volumes/UserData/Users/chistyakov/Projects/SPbNIX/clinemm/sdk/packages/core/src/auth/utils.ts'
    Imported via "./server" from file '/Volumes/UserData/Users/chistyakov/Projects/SPbNIX/clinemm/sdk/packages/core/src/auth/client.ts'
    Imported via "./server" from file '/Volumes/UserData/Users/chistyakov/Projects/SPbNIX/clinemm/sdk/packages/core/src/auth/cline.ts'
    Imported via "./server" from file '/Volumes/UserData/Users/chistyakov/Projects/SPbNIX/clinemm/sdk/packages/core/src/auth/codex.ts'
    Imported via "./auth/server" from file '/Volumes/UserData/Users/chistyakov/Projects/SPbNIX/clinemm/sdk/packages/core/src/index.ts'
    Imported via "./auth/server" from file '/Volumes/UserData/Users/chistyakov/Projects/SPbNIX/clinemm/sdk/packages/core/src/index.ts'
    Imported via "../../auth/server" from file '/Volumes/UserData/Users/chistyakov/Projects/SPbNIX/clinemm/sdk/packages/core/src/extensions/mcp/oauth.ts'
sdk/packages/core/src/auth/oca.ts(20,8): error TS6059: File '/Volumes/UserData/Users/chistyakov/Projects/SPbNIX/clinemm/sdk/packages/core/src/auth/types.ts' is not under 'rootDir' '/Volumes/UserData/Users/chistyakov/Projects/SPbNIX/clinemm/apps/vscode'. 'rootDir' is expected to contain all source files.
  The file is in the program because:
    Imported via "./types" from file '/Volumes/UserData/Users/chistyakov/Projects/SPbNIX/clinemm/sdk/packages/core/src/auth/oca.ts'
    Imported via "./types" from file '/Volumes/UserData/Users/chistyakov/Projects/SPbNIX/clinemm/sdk/packages/core/src/auth/utils.ts'
    Imported via "./types" from file '/Volumes/UserData/Users/chistyakov/Projects/SPbNIX/clinemm/sdk/packages/core/src/auth/client.ts'
    Imported via "./types" from file '/Volumes/UserData/Users/chistyakov/Projects/SPbNIX/clinemm/sdk/packages/core/src/auth/cline.ts'
    Imported via "./types" from file '/Volumes/UserData/Users/chistyakov/Projects/SPbNIX/clinemm/sdk/packages/core/src/auth/codex.ts'
    Imported via "./auth/types" from file '/Volumes/UserData/Users/chistyakov/Projects/SPbNIX/clinemm/sdk/packages/core/src/index.ts'
    Imported via "./types" from file '/Volumes/UserData/Users/chistyakov/Projects/SPbNIX/clinemm/sdk/packages/core/src/auth/provider-auth-registry.ts'
sdk/packages/core/src/auth/oca.ts(26,8): error TS6059: File '/Volumes/UserData/Users/chistyakov/Projects/SPbNIX/clinemm/sdk/packages/core/src/auth/utils.ts' is not under 'rootDir' '/Volumes/UserData/Users/chistyakov/Projects/SPbNIX/clinemm/apps/vscode'. 'rootDir' is expected to contain all source files.
  The file is in the program because:
    Imported via "./utils" from file '/Volumes/UserData/Users/chistyakov/Projects/SPbNIX/clinemm/sdk/packages/core/src/auth/oca.ts'
    Imported via "./utils" from file '/Volumes/UserData/Users/chistyakov/Projects/SPbNIX/clinemm/sdk/packages/core/src/auth/cline.ts'
    Imported via "./utils" from file '/Volumes/UserData/Users/chistyakov/Projects/SPbNIX/clinemm/sdk/packages/core/src/auth/codex.ts'
sdk/packages/core/src/auth/provider-auth-registry.ts(6,46): error TS6059: File '/Volumes/UserData/Users/chistyakov/Projects/SPbNIX/clinemm/sdk/packages/core/src/services/storage/provider-settings-manager.ts' is not under 'rootDir' '/Volumes/UserData/Users/chistyakov/Projects/SPbNIX/clinemm/apps/vscode'. 'rootDir' is expected to contain all source files.
  The file is in the program because:
    Imported via "../services/storage/provider-settings-manager" from file '/Volumes/UserData/Users/chistyakov/Projects/SPbNIX/clinemm/sdk/packages/core/src/auth/provider-auth-registry.ts'
    Imported via "./storage/provider-settings-manager" from file '/Volumes/UserData/Users/chistyakov/Projects/SPbNIX/clinemm/sdk/packages/core/src/services/local-runtime-bootstrap.ts'
    Imported via "../../services/storage/provider-settings-manager" from file '/Volumes/UserData/Users/chistyakov/Projects/SPbNIX/clinemm/sdk/packages/core/src/runtime/host/local-runtime-host.ts'
    Imported via "../../services/storage/provider-settings-manager" from file '/Volumes/UserData/Users/chistyakov/Projects/SPbNIX/clinemm/sdk/packages/core/src/runtime/orchestration/runtime-oauth-token-manager.ts'
    Imported via "../storage/provider-settings-manager" from file '/Volumes/UserData/Users/chistyakov/Projects/SPbNIX/clinemm/sdk/packages/core/src/services/providers/local-provider-registry.ts'
    Imported via "../storage/provider-settings-manager" from file '/Volumes/UserData/Users/chistyakov/Projects/SPbNIX/clinemm/sdk/packages/core/src/services/llms/cline-recommended-models.ts'
    Imported via "../storage/provider-settings-manager" from file '/Volumes/UserData/Users/chistyakov/Projects/SPbNIX/clinemm/sdk/packages/core/src/services/providers/local-provider-service.ts'
    Imported via "./provider-settings-manager" from file '/Volumes/UserData/Users/chistyakov/Projects/SPbNIX/clinemm/sdk/packages/core/src/services/storage/provider-settings-legacy-migration.ts'
    Imported via "./services/storage/provider-settings-manager" from file '/Volumes/UserData/Users/chistyakov/Projects/SPbNIX/clinemm/sdk/packages/core/src/index.ts'
sdk/packages/core/src/cline-core/automation.ts(12,45): error TS6059: File '/Volumes/UserData/Users/chistyakov/Projects/SPbNIX/clinemm/sdk/packages/core/src/cron/events/cron-event-ingress.ts' is not under 'rootDir' '/Volumes/UserData/Users/chistyakov/Projects/SPbNIX/clinemm/apps/vscode'. 'rootDir' is expected to contain all source files.
  The file is in the program because:
    Imported via "../cron/events/cron-event-ingress" from file '/Volumes/UserData/Users/chistyakov/Projects/SPbNIX/clinemm/sdk/packages/core/src/cline-core/automation.ts'
    Imported via "../events/cron-event-ingress" from file '/Volumes/UserData/Users/chistyakov/Projects/SPbNIX/clinemm/sdk/packages/core/src/cron/service/cron-service.ts'
    Imported via "../cron/events/cron-event-ingress" from file '/Volumes/UserData/Users/chistyakov/Projects/SPbNIX/clinemm/sdk/packages/core/src/cline-core/types.ts'
sdk/packages/core/src/cline-core/automation.ts(13,34): error TS6059: File '/Volumes/UserData/Users/chistyakov/Projects/SPbNIX/clinemm/sdk/packages/core/src/cron/service/cron-service.ts' is not under 'rootDir' '/Volumes/UserData/Users/chistyakov/Projects/SPbNIX/clinemm/apps/vscode'. 'rootDir' is expected to contain all source files.
  The file is in the program because:
    Imported via "../cron/service/cron-service" from file '/Volumes/UserData/Users/chistyakov/Projects/SPbNIX/clinemm/sdk/packages/core/src/cline-core/automation.ts'
    Imported via "./cron/service/cron-service" from file '/Volumes/UserData/Users/chistyakov/Projects/SPbNIX/clinemm/sdk/packages/core/src/ClineCore.ts'
    Imported via "../../cron/service/cron-service" from file '/Volumes/UserData/Users/chistyakov/Projects/SPbNIX/clinemm/sdk/packages/core/src/hub/server/hub-server-options.ts'
    Imported via "../../cron/service/cron-service" from file '/Volumes/UserData/Users/chistyakov/Projects/SPbNIX/clinemm/sdk/packages/core/src/hub/server/hub-server-transport.ts'
sdk/packages/core/src/cline-core/automation.ts(15,34): error TS6059: File '/Volumes/UserData/Users/chistyakov/Projects/SPbNIX/clinemm/sdk/packages/core/src/runtime/host/runtime-host.ts' is not under 'rootDir' '/Volumes/UserData/Users/chistyakov/Projects/SPbNIX/clinemm/apps/vscode'. 'rootDir' is expected to contain all source files.
  The file is in the program because:
    Imported via "../runtime/host/runtime-host" from file '/Volumes/UserData/Users/chistyakov/Projects/SPbNIX/clinemm/sdk/packages/core/src/cline-core/automation.ts'
    Imported via "../runtime/host/runtime-host" from file '/Volumes/UserData/Users/chistyakov/Projects/SPbNIX/clinemm/sdk/packages/core/src/session/session-snapshot.ts'
    Imported via "../../runtime/host/runtime-host" from file '/Volumes/UserData/Users/chistyakov/Projects/SPbNIX/clinemm/sdk/packages/core/src/services/workspace/chat-workspace.ts'
    Imported via "../runtime/host/runtime-host" from file '/Volumes/UserData/Users/chistyakov/Projects/SPbNIX/clinemm/sdk/packages/core/src/types/session.ts'
    Imported via "../../runtime/host/runtime-host" from file '/Volumes/UserData/Users/chistyakov/Projects/SPbNIX/clinemm/sdk/packages/core/src/hub/client/index.ts'
    Imported via "../../runtime/host/runtime-host" from file '/Volumes/UserData/Users/chistyakov/Projects/SPbNIX/clinemm/sdk/packages/core/src/hub/runtime-host/hub-runtime-host.ts'
    Imported via "../../runtime/host/runtime-host" from file '/Volumes/UserData/Users/chistyakov/Projects/SPbNIX/clinemm/sdk/packages/core/src/hub/runtime-host/hub-runtime-host.ts'
    Imported via "./runtime-host" from file '/Volumes/UserData/Users/chistyakov/Projects/SPbNIX/clinemm/sdk/packages/core/src/runtime/host/runtime-host-support.ts'
    Imported via "../runtime/host/runtime-host" from file '/Volumes/UserData/Users/chistyakov/Projects/SPbNIX/clinemm/sdk/packages/core/src/services/agent-events.ts'
    Imported via "../runtime/host/runtime-host" from file '/Volumes/UserData/Users/chistyakov/Projects/SPbNIX/clinemm/sdk/packages/core/src/services/usage.ts'
    Imported via "../runtime/host/runtime-host" from file '/Volumes/UserData/Users/chistyakov/Projects/SPbNIX/clinemm/sdk/packages/core/src/services/local-runtime-bootstrap.ts'
    Imported via "../runtime/host/runtime-host" from file '/Volumes/UserData/Users/chistyakov/Projects/SPbNIX/clinemm/sdk/packages/core/src/session/session-versioning-service.ts'
    Imported via "../host/runtime-host" from file '/Volumes/UserData/Users/chistyakov/Projects/SPbNIX/clinemm/sdk/packages/core/src/runtime/turn-queue/pending-prompt-service.ts'
    Imported via "../runtime-host" from file '/Volumes/UserData/Users/chistyakov/Projects/SPbNIX/clinemm/sdk/packages/core/src/runtime/host/local/agent-event-bridge.ts'
    Imported via "./runtime-host" from file '/Volumes/UserData/Users/chistyakov/Projects/SPbNIX/clinemm/sdk/packages/core/src/runtime/host/local-runtime-host.ts'
    Imported via "./runtime-host" from file '/Volumes/UserData/Users/chistyakov/Projects/SPbNIX/clinemm/sdk/packages/core/src/runtime/host/local-runtime-host.ts'
    Imported via "./runtime-host" from file '/Volumes/UserData/Users/chistyakov/Projects/SPbNIX/clinemm/sdk/packages/core/src/runtime/host/host.ts'
    Imported via "./runtime-host" from file '/Volumes/UserData/Users/chistyakov/Projects/SPbNIX/clinemm/sdk/packages/core/src/runtime/host/history.ts'
    Imported via "../runtime/host/runtime-host" from file '/Volumes/UserData/Users/chistyakov/Projects/SPbNIX/clinemm/sdk/packages/core/src/cline-core/types.ts'
    Imported via "../runtime/host/runtime-host" from file '/Volumes/UserData/Users/chistyakov/Projects/SPbNIX/clinemm/sdk/packages/core/src/cline-core/types.ts'
    Imported via "../runtime/host/runtime-host" from file '/Volumes/UserData/Users/chistyakov/Projects/SPbNIX/clinemm/sdk/packages/core/src/cline-core/runtime-services.ts'
    Imported via "../runtime/host/runtime-host" from file '/Volumes/UserData/Users/chistyakov/Projects/SPbNIX/clinemm/sdk/packages/core/src/cline-core/start-input.ts'
    Imported via "../runtime/host/runtime-host" from file '/Volumes/UserData/Users/chistyakov/Projects/SPbNIX/clinemm/sdk/packages/core/src/cline-core/start-input.ts'
    Imported via "./runtime/host/runtime-host" from file '/Volumes/UserData/Users/chistyakov/Projects/SPbNIX/clinemm/sdk/packages/core/src/ClineCore.ts'
    Imported via "./runtime/host/runtime-host" from file '/Volumes/UserData/Users/chistyakov/Projects/SPbNIX/clinemm/sdk/packages/core/src/ClineCore.ts'
    Imported via "../../runtime/host/runtime-host" from file '/Volumes/UserData/Users/chistyakov/Projects/SPbNIX/clinemm/sdk/packages/core/src/hub/client/session-client.ts'
    Imported via "../../runtime/host/runtime-host" from file '/Volumes/UserData/Users/chistyakov/Projects/SPbNIX/clinemm/sdk/packages/core/src/hub/server/hub-server-options.ts'
    Imported via "../../runtime/host/runtime-host" from file '/Volumes/UserData/Users/chistyakov/Projects/SPbNIX/clinemm/sdk/packages/core/src/session/search/session-history-search.ts'
    Imported via "../../runtime/host/runtime-host" from file '/Volumes/UserData/Users/chistyakov/Projects/SPbNIX/clinemm/sdk/packages/core/src/hub/server/hub-server-transport.ts'
    Imported via "../../../runtime/host/runtime-host" from file '/Volumes/UserData/Users/chistyakov/Projects/SPbNIX/clinemm/sdk/packages/core/src/hub/server/handlers/context.ts'
    Imported via "../../runtime/host/runtime-host" from file '/Volumes/UserData/Users/chistyakov/Projects/SPbNIX/clinemm/sdk/packages/core/src/hub/server/hub-session-records.ts'
    Imported via "../../../runtime/host/runtime-host" from file '/Volumes/UserData/Users/chistyakov/Projects/SPbNIX/clinemm/sdk/packages/core/src/hub/server/handlers/run-handlers.ts'
    Imported via "../../../runtime/host/runtime-host" from file '/Volumes/UserData/Users/chistyakov/Projects/SPbNIX/clinemm/sdk/packages/core/src/hub/server/handlers/session-event-projector.ts'
    Imported via "../../../runtime/host/runtime-host" from file '/Volumes/UserData/Users/chistyakov/Projects/SPbNIX/clinemm/sdk/packages/core/src/hub/server/handlers/session-handlers.ts'
    Imported via "../../runtime/host/runtime-host" from file '/Volumes/UserData/Users/chistyakov/Projects/SPbNIX/clinemm/sdk/packages/core/src/hub/server/hub-client-contributions.ts'
    Imported via "./runtime/host/runtime-host" from file '/Volumes/UserData/Users/chistyakov/Projects/SPbNIX/clinemm/sdk/packages/core/src/index.ts'
    Imported via "./runtime/host/runtime-host" from file '/Volumes/UserData/Users/chistyakov/Projects/SPbNIX/clinemm/sdk/packages/core/src/index.ts'
    Imported via "./runtime/host/runtime-host" from file '/Volumes/UserData/Users/chistyakov/Projects/SPbNIX/clinemm/sdk/packages/core/src/types.ts'
sdk/packages/core/src/cline-core/automation.ts(20,8): error TS6059: File '/Volumes/UserData/Users/chistyakov/Projects/SPbNIX/clinemm/sdk/packages/core/src/session/history-origin.ts' is not under 'rootDir' '/Volumes/UserData/Users/chistyakov/Projects/SPbNIX/clinemm/apps/vscode'. 'rootDir' is expected to contain all source files.
  The file is in the program because:
    Imported via "../session/history-origin" from file '/Volumes/UserData/Users/chistyakov/Projects/SPbNIX/clinemm/sdk/packages/core/src/cline-core/automation.ts'
    Imported via "../session/history-origin" from file '/Volumes/UserData/Users/chistyakov/Projects/SPbNIX/clinemm/sdk/packages/core/src/services/session-data.ts'
    Imported via "../history-origin" from file '/Volumes/UserData/Users/chistyakov/Projects/SPbNIX/clinemm/sdk/packages/core/src/session/services/persistence-service.ts'
    Imported via "../history-origin" from file '/Volumes/UserData/Users/chistyakov/Projects/SPbNIX/clinemm/sdk/packages/core/src/session/team/team-child-session-manager.ts'
    Imported via "../../session/history-origin" from file '/Volumes/UserData/Users/chistyakov/Projects/SPbNIX/clinemm/sdk/packages/core/src/hub/runtime-host/hub-runtime-host.ts'
    Imported via "../../session/history-origin" from file '/Volumes/UserData/Users/chistyakov/Projects/SPbNIX/clinemm/sdk/packages/core/src/runtime/host/local-runtime-host.ts'
    Imported via "../session/history-origin" from file '/Volumes/UserData/Users/chistyakov/Projects/SPbNIX/clinemm/sdk/packages/core/src/cline-core/start-input.ts'
    Imported via "../../session/history-origin" from file '/Volumes/UserData/Users/chistyakov/Projects/SPbNIX/clinemm/sdk/packages/core/src/hub/daemon/runtime-handlers.ts'
    Imported via "../../session/history-origin" from file '/Volumes/UserData/Users/chistyakov/Projects/SPbNIX/clinemm/sdk/packages/core/src/hub/server/hub-server-transport.ts'
sdk/packages/core/src/cline-core/automation.ts(32,8): error TS6059: File '/Volumes/UserData/Users/chistyakov/Projects/SPbNIX/clinemm/sdk/packages/core/src/cline-core/types.ts' is not under 'rootDir' '/Volumes/UserData/Users/chistyakov/Projects/SPbNIX/clinemm/apps/vscode'. 'rootDir' is expected to contain all source files.
  The file is in the program because:
    Imported via "./types" from file '/Volumes/UserData/Users/chistyakov/Projects/SPbNIX/clinemm/sdk/packages/core/src/cline-core/automation.ts'
    Imported via "../../cline-core/types" from file '/Volumes/UserData/Users/chistyakov/Projects/SPbNIX/clinemm/sdk/packages/core/src/runtime/host/host.ts'
    Imported via "./types" from file '/Volumes/UserData/Users/chistyakov/Projects/SPbNIX/clinemm/sdk/packages/core/src/cline-core/start-input.ts'
    Imported via "./types" from file '/Volumes/UserData/Users/chistyakov/Projects/SPbNIX/clinemm/sdk/packages/core/src/cline-core/telemetry.ts'
    Imported via "./cline-core/types" from file '/Volumes/UserData/Users/chistyakov/Projects/SPbNIX/clinemm/sdk/packages/core/src/ClineCore.ts'
    Imported via "./cline-core/types" from file '/Volumes/UserData/Users/chistyakov/Projects/SPbNIX/clinemm/sdk/packages/core/src/ClineCore.ts'
    Imported via "./cline-core/types" from file '/Volumes/UserData/Users/chistyakov/Projects/SPbNIX/clinemm/sdk/packages/core/src/index.ts'
    Imported via "../cline-core/types" from file '/Volumes/UserData/Users/chistyakov/Projects/SPbNIX/clinemm/sdk/packages/core/src/remote-config/integration.ts'
    Imported via "./cline-core/types" from file '/Volumes/UserData/Users/chistyakov/Projects/SPbNIX/clinemm/sdk/packages/core/src/types.ts'
sdk/packages/core/src/cline-core/types.ts(16,48): error TS6059: File '/Volumes/UserData/Users/chistyakov/Projects/SPbNIX/clinemm/sdk/packages/core/src/runtime/host/history.ts' is not under 'rootDir' '/Volumes/UserData/Users/chistyakov/Projects/SPbNIX/clinemm/apps/vscode'. 'rootDir' is expected to contain all source files.
  The file is in the program because:
    Imported via "../runtime/host/history" from file '/Volumes/UserData/Users/chistyakov/Projects/SPbNIX/clinemm/sdk/packages/core/src/cline-core/types.ts'
    Imported via "./history" from file '/Volumes/UserData/Users/chistyakov/Projects/SPbNIX/clinemm/sdk/packages/core/src/runtime/host/local-runtime-host.ts'
    Imported via "./runtime/host/history" from file '/Volumes/UserData/Users/chistyakov/Projects/SPbNIX/clinemm/sdk/packages/core/src/ClineCore.ts'
    Imported via "./runtime/host/history" from file '/Volumes/UserData/Users/chistyakov/Projects/SPbNIX/clinemm/sdk/packages/core/src/index.ts'
sdk/packages/core/src/cline-core/types.ts(24,42): error TS6059: File '/Volumes/UserData/Users/chistyakov/Projects/SPbNIX/clinemm/sdk/packages/core/src/services/feature-flags/index.ts' is not under 'rootDir' '/Volumes/UserData/Users/chistyakov/Projects/SPbNIX/clinemm/apps/vscode'. 'rootDir' is expected to contain all source files.
  The file is in the program because:
    Imported via "../services/feature-flags" from file '/Volumes/UserData/Users/chistyakov/Projects/SPbNIX/clinemm/sdk/packages/core/src/cline-core/types.ts'
    Imported via "./services/feature-flags" from file '/Volumes/UserData/Users/chistyakov/Projects/SPbNIX/clinemm/sdk/packages/core/src/ClineCore.ts'
    Imported via "./services/feature-flags" from file '/Volumes/UserData/Users/chistyakov/Projects/SPbNIX/clinemm/sdk/packages/core/src/index.ts'
    Imported via "./services/feature-flags" from file '/Volumes/UserData/Users/chistyakov/Projects/SPbNIX/clinemm/sdk/packages/core/src/types.ts'
sdk/packages/core/src/cline-core/types.ts(25,55): error TS6059: File '/Volumes/UserData/Users/chistyakov/Projects/SPbNIX/clinemm/sdk/packages/core/src/session/checkpoint-diff.ts' is not under 'rootDir' '/Volumes/UserData/Users/chistyakov/Projects/SPbNIX/clinemm/apps/vscode'. 'rootDir' is expected to contain all source files.
  The file is in the program because:
    Imported via "../session/checkpoint-diff" from file '/Volumes/UserData/Users/chistyakov/Projects/SPbNIX/clinemm/sdk/packages/core/src/cline-core/types.ts'
    Imported via "./session/checkpoint-diff" from file '/Volumes/UserData/Users/chistyakov/Projects/SPbNIX/clinemm/sdk/packages/core/src/ClineCore.ts'
    Imported via "./session/checkpoint-diff" from file '/Volumes/UserData/Users/chistyakov/Projects/SPbNIX/clinemm/sdk/packages/core/src/index.ts'
sdk/packages/core/src/ClineCore.ts(14,8): error TS6059: File '/Volumes/UserData/Users/chistyakov/Projects/SPbNIX/clinemm/sdk/packages/core/src/cline-core/automation.ts' is not under 'rootDir' '/Volumes/UserData/Users/chistyakov/Projects/SPbNIX/clinemm/apps/vscode'. 'rootDir' is expected to contain all source files.
sdk/packages/core/src/ClineCore.ts(19,8): error TS6059: File '/Volumes/UserData/Users/chistyakov/Projects/SPbNIX/clinemm/sdk/packages/core/src/cline-core/runtime-services.ts' is not under 'rootDir' '/Volumes/UserData/Users/chistyakov/Projects/SPbNIX/clinemm/apps/vscode'. 'rootDir' is expected to contain all source files.
sdk/packages/core/src/ClineCore.ts(23,8): error TS6059: File '/Volumes/UserData/Users/chistyakov/Projects/SPbNIX/clinemm/sdk/packages/core/src/cline-core/start-input.ts' is not under 'rootDir' '/Volumes/UserData/Users/chistyakov/Projects/SPbNIX/clinemm/apps/vscode'. 'rootDir' is expected to contain all source files.
sdk/packages/core/src/ClineCore.ts(24,45): error TS6059: File '/Volumes/UserData/Users/chistyakov/Projects/SPbNIX/clinemm/sdk/packages/core/src/cline-core/telemetry.ts' is not under 'rootDir' '/Volumes/UserData/Users/chistyakov/Projects/SPbNIX/clinemm/apps/vscode'. 'rootDir' is expected to contain all source files.
sdk/packages/core/src/ClineCore.ts(64,8): error TS6059: File '/Volumes/UserData/Users/chistyakov/Projects/SPbNIX/clinemm/sdk/packages/core/src/session/display-messages.ts' is not under 'rootDir' '/Volumes/UserData/Users/chistyakov/Projects/SPbNIX/clinemm/apps/vscode'. 'rootDir' is expected to contain all source files.
  The file is in the program because:
    Imported via "./session/display-messages" from file '/Volumes/UserData/Users/chistyakov/Projects/SPbNIX/clinemm/sdk/packages/core/src/ClineCore.ts'
    Imported via "./session/display-messages" from file '/Volumes/UserData/Users/chistyakov/Projects/SPbNIX/clinemm/sdk/packages/core/src/index.ts'
    Imported via "../../../../sdk/packages/core/src/session/display-messages" from file '/Volumes/UserData/Users/chistyakov/Projects/SPbNIX/clinemm/apps/vscode/src/test/cline-core-vitest-stub.ts'
sdk/packages/core/src/cron/events/cron-event-ingress.ts(7,8): error TS6059: File '/Volumes/UserData/Users/chistyakov/Projects/SPbNIX/clinemm/sdk/packages/core/src/cron/store/sqlite-cron-store.ts' is not under 'rootDir' '/Volumes/UserData/Users/chistyakov/Projects/SPbNIX/clinemm/apps/vscode'. 'rootDir' is expected to contain all source files.
  The file is in the program because:
    Imported via "../store/sqlite-cron-store" from file '/Volumes/UserData/Users/chistyakov/Projects/SPbNIX/clinemm/sdk/packages/core/src/cron/events/cron-event-ingress.ts'
    Imported via "../store/sqlite-cron-store" from file '/Volumes/UserData/Users/chistyakov/Projects/SPbNIX/clinemm/sdk/packages/core/src/cron/runner/cron-materializer.ts'
    Imported via "../store/sqlite-cron-store" from file '/Volumes/UserData/Users/chistyakov/Projects/SPbNIX/clinemm/sdk/packages/core/src/cron/reports/cron-report-writer.ts'
    Imported via "../store/sqlite-cron-store" from file '/Volumes/UserData/Users/chistyakov/Projects/SPbNIX/clinemm/sdk/packages/core/src/cron/service/schedule-service.ts'
    Imported via "../store/sqlite-cron-store" from file '/Volumes/UserData/Users/chistyakov/Projects/SPbNIX/clinemm/sdk/packages/core/src/cron/runner/cron-runner.ts'
    Imported via "../store/sqlite-cron-store" from file '/Volumes/UserData/Users/chistyakov/Projects/SPbNIX/clinemm/sdk/packages/core/src/cron/specs/cron-reconciler.ts'
    Imported via "../store/sqlite-cron-store" from file '/Volumes/UserData/Users/chistyakov/Projects/SPbNIX/clinemm/sdk/packages/core/src/cron/service/cron-service.ts'
    Imported via "../store/sqlite-cron-store" from file '/Volumes/UserData/Users/chistyakov/Projects/SPbNIX/clinemm/sdk/packages/core/src/cron/service/cron-service.ts'
    Imported via "../cron/store/sqlite-cron-store" from file '/Volumes/UserData/Users/chistyakov/Projects/SPbNIX/clinemm/sdk/packages/core/src/cline-core/types.ts'
sdk/packages/core/src/cron/reports/cron-report-writer.ts(4,7): error TS2305: Module '"@cline/shared/storage"' has no exported member 'ResolveCronSpecsDirOptions'.
sdk/packages/core/src/cron/reports/cron-report-writer.ts(5,2): error TS2305: Module '"@cline/shared/storage"' has no exported member 'resolveCronReportsDir'.
sdk/packages/core/src/cron/reports/cron-report-writer.ts(6,2): error TS2305: Module '"@cline/shared/storage"' has no exported member 'resolveCronSpecsDir'.
sdk/packages/core/src/cron/runner/cron-runner.ts(9,15): error TS2305: Module '"@cline/shared/storage"' has no exported member 'ResolveCronSpecsDirOptions'.
sdk/packages/core/src/cron/runner/cron-runner.ts(10,34): error TS6059: File '/Volumes/UserData/Users/chistyakov/Projects/SPbNIX/clinemm/sdk/packages/core/src/extensions/tools/constants.ts' is not under 'rootDir' '/Volumes/UserData/Users/chistyakov/Projects/SPbNIX/clinemm/apps/vscode'. 'rootDir' is expected to contain all source files.
  The file is in the program because:
    Imported via "../../extensions/tools/constants" from file '/Volumes/UserData/Users/chistyakov/Projects/SPbNIX/clinemm/sdk/packages/core/src/cron/runner/cron-runner.ts'
    Imported via "../../extensions/tools/constants" from file '/Volumes/UserData/Users/chistyakov/Projects/SPbNIX/clinemm/sdk/packages/core/src/cron/specs/cron-spec-parser.ts'
    Imported via "./constants" from file '/Volumes/UserData/Users/chistyakov/Projects/SPbNIX/clinemm/sdk/packages/core/src/extensions/tools/command-guard-extension.ts'
    Imported via "./constants" from file '/Volumes/UserData/Users/chistyakov/Projects/SPbNIX/clinemm/sdk/packages/core/src/extensions/tools/index.ts'
    Imported via "./constants" from file '/Volumes/UserData/Users/chistyakov/Projects/SPbNIX/clinemm/sdk/packages/core/src/extensions/tools/presets.ts'
sdk/packages/core/src/cron/runner/cron-runner.ts(11,43): error TS6059: File '/Volumes/UserData/Users/chistyakov/Projects/SPbNIX/clinemm/sdk/packages/core/src/runtime/safety/rules.ts' is not under 'rootDir' '/Volumes/UserData/Users/chistyakov/Projects/SPbNIX/clinemm/apps/vscode'. 'rootDir' is expected to contain all source files.
  The file is in the program because:
    Imported via "../../runtime/safety/rules" from file '/Volumes/UserData/Users/chistyakov/Projects/SPbNIX/clinemm/sdk/packages/core/src/cron/runner/cron-runner.ts'
    Imported via "../../runtime/safety/rules" from file '/Volumes/UserData/Users/chistyakov/Projects/SPbNIX/clinemm/sdk/packages/core/src/extensions/config/user-instruction-plugin.ts'
    Imported via "../../runtime/safety/rules" from file '/Volumes/UserData/Users/chistyakov/Projects/SPbNIX/clinemm/sdk/packages/core/src/hub/server/hub-client-contributions.ts'
    Imported via "./runtime/safety/rules" from file '/Volumes/UserData/Users/chistyakov/Projects/SPbNIX/clinemm/sdk/packages/core/src/index.ts'
sdk/packages/core/src/cron/runner/cron-runner.ts(12,40): error TS6059: File '/Volumes/UserData/Users/chistyakov/Projects/SPbNIX/clinemm/sdk/packages/core/src/services/workspace/workspace-manifest.ts' is not under 'rootDir' '/Volumes/UserData/Users/chistyakov/Projects/SPbNIX/clinemm/apps/vscode'. 'rootDir' is expected to contain all source files.
  The file is in the program because:
    Imported via "../../services/workspace/workspace-manifest" from file '/Volumes/UserData/Users/chistyakov/Projects/SPbNIX/clinemm/sdk/packages/core/src/cron/runner/cron-runner.ts'
    Imported via "./workspace-manifest" from file '/Volumes/UserData/Users/chistyakov/Projects/SPbNIX/clinemm/sdk/packages/core/src/services/workspace/workspace-manager.ts'
    Imported via "../../services/workspace/workspace-manifest" from file '/Volumes/UserData/Users/chistyakov/Projects/SPbNIX/clinemm/sdk/packages/core/src/hub/discovery/workspace.ts'
    Imported via "./workspace/workspace-manifest" from file '/Volumes/UserData/Users/chistyakov/Projects/SPbNIX/clinemm/sdk/packages/core/src/services/local-runtime-bootstrap.ts'
    Imported via "./workspace/workspace-manifest" from file '/Volumes/UserData/Users/chistyakov/Projects/SPbNIX/clinemm/sdk/packages/core/src/services/local-runtime-bootstrap.ts'
    Imported via "../../services/workspace/workspace-manifest" from file '/Volumes/UserData/Users/chistyakov/Projects/SPbNIX/clinemm/sdk/packages/core/src/runtime/host/local-runtime-host.ts'
    Imported via "./services/workspace/workspace-manifest" from file '/Volumes/UserData/Users/chistyakov/Projects/SPbNIX/clinemm/sdk/packages/core/src/index.ts'
sdk/packages/core/src/cron/runner/cron-runner.ts(13,36): error TS6059: File '/Volumes/UserData/Users/chistyakov/Projects/SPbNIX/clinemm/sdk/packages/core/src/cron/reports/cron-report-writer.ts' is not under 'rootDir' '/Volumes/UserData/Users/chistyakov/Projects/SPbNIX/clinemm/apps/vscode'. 'rootDir' is expected to contain all source files.
sdk/packages/core/src/cron/runner/cron-runner.ts(14,49): error TS6059: File '/Volumes/UserData/Users/chistyakov/Projects/SPbNIX/clinemm/sdk/packages/core/src/cron/service/schedule-service.ts' is not under 'rootDir' '/Volumes/UserData/Users/chistyakov/Projects/SPbNIX/clinemm/apps/vscode'. 'rootDir' is expected to contain all source files.
  The file is in the program because:
    Imported via "../service/schedule-service" from file '/Volumes/UserData/Users/chistyakov/Projects/SPbNIX/clinemm/sdk/packages/core/src/cron/runner/cron-runner.ts'
    Imported via "./schedule-service" from file '/Volumes/UserData/Users/chistyakov/Projects/SPbNIX/clinemm/sdk/packages/core/src/cron/service/cron-service.ts'
    Imported via "../cron/service/schedule-service" from file '/Volumes/UserData/Users/chistyakov/Projects/SPbNIX/clinemm/sdk/packages/core/src/cline-core/automation.ts'
    Imported via "./schedule-service" from file '/Volumes/UserData/Users/chistyakov/Projects/SPbNIX/clinemm/sdk/packages/core/src/cron/service/schedule-command-service.ts'
    Imported via "../cron/service/schedule-service" from file '/Volumes/UserData/Users/chistyakov/Projects/SPbNIX/clinemm/sdk/packages/core/src/hub/index.ts'
    Imported via "./schedule-service" from file '/Volumes/UserData/Users/chistyakov/Projects/SPbNIX/clinemm/sdk/packages/core/src/cron/service/schedule-tool.ts'
    Imported via "../../cron/service/schedule-service" from file '/Volumes/UserData/Users/chistyakov/Projects/SPbNIX/clinemm/sdk/packages/core/src/hub/daemon/runtime-handlers.ts'
    Imported via "../../cron/service/schedule-service" from file '/Volumes/UserData/Users/chistyakov/Projects/SPbNIX/clinemm/sdk/packages/core/src/hub/server/hub-server-options.ts'
    Imported via "../../cron/service/schedule-service" from file '/Volumes/UserData/Users/chistyakov/Projects/SPbNIX/clinemm/sdk/packages/core/src/hub/server/hub-server-transport.ts'
sdk/packages/core/src/cron/runner/cron-runner.ts(23,33): error TS6059: File '/Volumes/UserData/Users/chistyakov/Projects/SPbNIX/clinemm/sdk/packages/core/src/cron/runner/resource-limiter.ts' is not under 'rootDir' '/Volumes/UserData/Users/chistyakov/Projects/SPbNIX/clinemm/apps/vscode'. 'rootDir' is expected to contain all source files.
sdk/packages/core/src/cron/service/cron-service.ts(2,15): error TS2305: Module '"@cline/shared/storage"' has no exported member 'ResolveCronSpecsDirOptions'.
sdk/packages/core/src/cron/service/cron-service.ts(7,34): error TS6059: File '/Volumes/UserData/Users/chistyakov/Projects/SPbNIX/clinemm/sdk/packages/core/src/cron/runner/cron-materializer.ts' is not under 'rootDir' '/Volumes/UserData/Users/chistyakov/Projects/SPbNIX/clinemm/apps/vscode'. 'rootDir' is expected to contain all source files.
  The file is in the program because:
    Imported via "../runner/cron-materializer" from file '/Volumes/UserData/Users/chistyakov/Projects/SPbNIX/clinemm/sdk/packages/core/src/cron/service/cron-service.ts'
    Imported via "../runner/cron-materializer" from file '/Volumes/UserData/Users/chistyakov/Projects/SPbNIX/clinemm/sdk/packages/core/src/cron/service/schedule-service.ts'
    Imported via "./cron-materializer" from file '/Volumes/UserData/Users/chistyakov/Projects/SPbNIX/clinemm/sdk/packages/core/src/cron/runner/cron-runner.ts'
sdk/packages/core/src/cron/service/cron-service.ts(8,28): error TS6059: File '/Volumes/UserData/Users/chistyakov/Projects/SPbNIX/clinemm/sdk/packages/core/src/cron/runner/cron-runner.ts' is not under 'rootDir' '/Volumes/UserData/Users/chistyakov/Projects/SPbNIX/clinemm/apps/vscode'. 'rootDir' is expected to contain all source files.
  The file is in the program because:
    Imported via "../runner/cron-runner" from file '/Volumes/UserData/Users/chistyakov/Projects/SPbNIX/clinemm/sdk/packages/core/src/cron/service/cron-service.ts'
    Imported via "../runner/cron-runner" from file '/Volumes/UserData/Users/chistyakov/Projects/SPbNIX/clinemm/sdk/packages/core/src/cron/service/schedule-service.ts'
sdk/packages/core/src/cron/service/cron-service.ts(9,32): error TS6059: File '/Volumes/UserData/Users/chistyakov/Projects/SPbNIX/clinemm/sdk/packages/core/src/cron/specs/cron-reconciler.ts' is not under 'rootDir' '/Volumes/UserData/Users/chistyakov/Projects/SPbNIX/clinemm/apps/vscode'. 'rootDir' is expected to contain all source files.
  The file is in the program because:
    Imported via "../specs/cron-reconciler" from file '/Volumes/UserData/Users/chistyakov/Projects/SPbNIX/clinemm/sdk/packages/core/src/cron/service/cron-service.ts'
    Imported via "./cron-reconciler" from file '/Volumes/UserData/Users/chistyakov/Projects/SPbNIX/clinemm/sdk/packages/core/src/cron/specs/cron-watcher.ts'
sdk/packages/core/src/cron/service/cron-service.ts(10,29): error TS6059: File '/Volumes/UserData/Users/chistyakov/Projects/SPbNIX/clinemm/sdk/packages/core/src/cron/specs/cron-watcher.ts' is not under 'rootDir' '/Volumes/UserData/Users/chistyakov/Projects/SPbNIX/clinemm/apps/vscode'. 'rootDir' is expected to contain all source files.
sdk/packages/core/src/cron/service/schedule-command-service.ts(10,45): error TS6059: File '/Volumes/UserData/Users/chistyakov/Projects/SPbNIX/clinemm/sdk/packages/core/src/hub/server/command-transport.ts' is not under 'rootDir' '/Volumes/UserData/Users/chistyakov/Projects/SPbNIX/clinemm/apps/vscode'. 'rootDir' is expected to contain all source files.
  The file is in the program because:
    Imported via "../../hub/server/command-transport" from file '/Volumes/UserData/Users/chistyakov/Projects/SPbNIX/clinemm/sdk/packages/core/src/cron/service/schedule-command-service.ts'
    Imported via "./command-transport" from file '/Volumes/UserData/Users/chistyakov/Projects/SPbNIX/clinemm/sdk/packages/core/src/hub/server/hub-server-transport.ts'
    Imported via "./command-transport" from file '/Volumes/UserData/Users/chistyakov/Projects/SPbNIX/clinemm/sdk/packages/core/src/hub/server/native-transport.ts'
    Imported via "./command-transport" from file '/Volumes/UserData/Users/chistyakov/Projects/SPbNIX/clinemm/sdk/packages/core/src/hub/server/task-command-service.ts'
    Imported via "./command-transport" from file '/Volumes/UserData/Users/chistyakov/Projects/SPbNIX/clinemm/sdk/packages/core/src/hub/server/browser-websocket.ts'
    Imported via "./server/command-transport" from file '/Volumes/UserData/Users/chistyakov/Projects/SPbNIX/clinemm/sdk/packages/core/src/hub/index.ts'
sdk/packages/core/src/cron/service/schedule-service.ts(14,15): error TS2305: Module '"@cline/shared/storage"' has no exported member 'ResolveCronSpecsDirOptions'.
sdk/packages/core/src/cron/specs/cron-reconciler.ts(5,7): error TS2305: Module '"@cline/shared/storage"' has no exported member 'ResolveCronSpecsDirOptions'.
sdk/packages/core/src/cron/specs/cron-reconciler.ts(6,2): error TS2305: Module '"@cline/shared/storage"' has no exported member 'resolveCronSpecsDir'.
sdk/packages/core/src/cron/specs/cron-reconciler.ts(15,60): error TS6059: File '/Volumes/UserData/Users/chistyakov/Projects/SPbNIX/clinemm/sdk/packages/core/src/cron/specs/cron-spec-parser.ts' is not under 'rootDir' '/Volumes/UserData/Users/chistyakov/Projects/SPbNIX/clinemm/apps/vscode'. 'rootDir' is expected to contain all source files.
sdk/packages/core/src/cron/store/sqlite-cron-store.ts(19,10): error TS2305: Module '"@cline/shared/storage"' has no exported member 'resolveCronDbPath'.
sdk/packages/core/src/cron/store/sqlite-cron-store.ts(20,33): error TS6059: File '/Volumes/UserData/Users/chistyakov/Projects/SPbNIX/clinemm/sdk/packages/core/src/cron/schedule/scheduler.ts' is not under 'rootDir' '/Volumes/UserData/Users/chistyakov/Projects/SPbNIX/clinemm/apps/vscode'. 'rootDir' is expected to contain all source files.
  The file is in the program because:
    Imported via "../schedule/scheduler" from file '/Volumes/UserData/Users/chistyakov/Projects/SPbNIX/clinemm/sdk/packages/core/src/cron/store/sqlite-cron-store.ts'
    Imported via "../schedule/scheduler" from file '/Volumes/UserData/Users/chistyakov/Projects/SPbNIX/clinemm/sdk/packages/core/src/cron/service/schedule-service.ts'
    Imported via "../schedule/scheduler" from file '/Volumes/UserData/Users/chistyakov/Projects/SPbNIX/clinemm/sdk/packages/core/src/cron/specs/cron-reconciler.ts'
    Imported via "../schedule/scheduler" from file '/Volumes/UserData/Users/chistyakov/Projects/SPbNIX/clinemm/sdk/packages/core/src/cron/specs/cron-spec-parser.ts'
sdk/packages/core/src/cron/store/sqlite-cron-store.ts(21,34): error TS6059: File '/Volumes/UserData/Users/chistyakov/Projects/SPbNIX/clinemm/sdk/packages/core/src/cron/store/cron-schema.ts' is not under 'rootDir' '/Volumes/UserData/Users/chistyakov/Projects/SPbNIX/clinemm/apps/vscode'. 'rootDir' is expected to contain all source files.
sdk/packages/core/src/extensions/config/index.ts(5,8): error TS6059: File '/Volumes/UserData/Users/chistyakov/Projects/SPbNIX/clinemm/sdk/packages/core/src/extensions/config/runtime-commands.ts' is not under 'rootDir' '/Volumes/UserData/Users/chistyakov/Projects/SPbNIX/clinemm/apps/vscode'. 'rootDir' is expected to contain all source files.
  The file is in the program because:
    Imported via "./runtime-commands" from file '/Volumes/UserData/Users/chistyakov/Projects/SPbNIX/clinemm/sdk/packages/core/src/extensions/config/index.ts'
    Imported via "./runtime-commands" from file '/Volumes/UserData/Users/chistyakov/Projects/SPbNIX/clinemm/sdk/packages/core/src/extensions/config/user-instruction-service.ts'
    Imported via "./runtime-commands" from file '/Volumes/UserData/Users/chistyakov/Projects/SPbNIX/clinemm/sdk/packages/core/src/extensions/config/user-instruction-plugin.ts'
    Imported via "../../extensions/config/runtime-commands" from file '/Volumes/UserData/Users/chistyakov/Projects/SPbNIX/clinemm/sdk/packages/core/src/hub/server/hub-client-contributions.ts'
sdk/packages/core/src/extensions/config/index.ts(46,8): error TS6059: File '/Volumes/UserData/Users/chistyakov/Projects/SPbNIX/clinemm/sdk/packages/core/src/extensions/config/user-instruction-service.ts' is not under 'rootDir' '/Volumes/UserData/Users/chistyakov/Projects/SPbNIX/clinemm/apps/vscode'. 'rootDir' is expected to contain all source files.
  The file is in the program because:
    Imported via "./user-instruction-service" from file '/Volumes/UserData/Users/chistyakov/Projects/SPbNIX/clinemm/sdk/packages/core/src/extensions/config/index.ts'
    Imported via "./user-instruction-service" from file '/Volumes/UserData/Users/chistyakov/Projects/SPbNIX/clinemm/sdk/packages/core/src/extensions/config/index.ts'
sdk/packages/core/src/extensions/config/user-instruction-config-loader.ts(5,2): error TS2305: Module '"@cline/shared/storage"' has no exported member 'AGENTS_RULES_FILE_NAME'.
sdk/packages/core/src/extensions/config/user-instruction-config-loader.ts(6,2): error TS2305: Module '"@cline/shared/storage"' has no exported member 'RULES_CONFIG_DIRECTORY_NAME'.
sdk/packages/core/src/extensions/config/user-instruction-config-loader.ts(7,2): error TS2305: Module '"@cline/shared/storage"' has no exported member 'resolveGlobalAgentsRulesPath'.
sdk/packages/core/src/extensions/config/user-instruction-config-loader.ts(8,2): error TS2305: Module '"@cline/shared/storage"' has no exported member 'resolveRulesConfigSearchPaths'.
sdk/packages/core/src/extensions/config/user-instruction-config-loader.ts(9,2): error TS2305: Module '"@cline/shared/storage"' has no exported member 'resolveSkillsConfigSearchPaths'.
sdk/packages/core/src/extensions/config/user-instruction-config-loader.ts(10,2): error TS2305: Module '"@cline/shared/storage"' has no exported member 'resolveWorkflowsConfigSearchPaths'.
sdk/packages/core/src/extensions/config/user-instruction-config-loader.ts(11,2): error TS2305: Module '"@cline/shared/storage"' has no exported member 'SKILLS_CONFIG_DIRECTORY_NAME'.
sdk/packages/core/src/extensions/config/user-instruction-config-loader.ts(12,2): error TS2305: Module '"@cline/shared/storage"' has no exported member 'WORKFLOWS_CONFIG_DIRECTORY_NAME'.
sdk/packages/core/src/extensions/config/user-instruction-config-loader.ts(15,52): error TS6059: File '/Volumes/UserData/Users/chistyakov/Projects/SPbNIX/clinemm/sdk/packages/core/src/extensions/plugin/plugin-config-loader.ts' is not under 'rootDir' '/Volumes/UserData/Users/chistyakov/Projects/SPbNIX/clinemm/apps/vscode'. 'rootDir' is expected to contain all source files.
  The file is in the program because:
    Imported via "../plugin/plugin-config-loader" from file '/Volumes/UserData/Users/chistyakov/Projects/SPbNIX/clinemm/sdk/packages/core/src/extensions/config/user-instruction-config-loader.ts'
    Imported via "../extensions/plugin/plugin-config-loader" from file '/Volumes/UserData/Users/chistyakov/Projects/SPbNIX/clinemm/sdk/packages/core/src/settings/settings-service.ts'
    Imported via "../extensions/plugin/plugin-config-loader" from file '/Volumes/UserData/Users/chistyakov/Projects/SPbNIX/clinemm/sdk/packages/core/src/services/plugin-tools.ts'
    Imported via "../extensions/plugin/plugin-config-loader" from file '/Volumes/UserData/Users/chistyakov/Projects/SPbNIX/clinemm/sdk/packages/core/src/services/local-runtime-bootstrap.ts'
    Imported via "./plugin/plugin-config-loader" from file '/Volumes/UserData/Users/chistyakov/Projects/SPbNIX/clinemm/sdk/packages/core/src/extensions/index.ts'
    Imported via "./plugin/plugin-config-loader" from file '/Volumes/UserData/Users/chistyakov/Projects/SPbNIX/clinemm/sdk/packages/core/src/extensions/index.ts'
sdk/packages/core/src/extensions/config/user-instruction-config-loader.ts(22,8): error TS6059: File '/Volumes/UserData/Users/chistyakov/Projects/SPbNIX/clinemm/sdk/packages/core/src/extensions/config/unified-config-file-watcher.ts' is not under 'rootDir' '/Volumes/UserData/Users/chistyakov/Projects/SPbNIX/clinemm/apps/vscode'. 'rootDir' is expected to contain all source files.
  The file is in the program because:
    Imported via "./unified-config-file-watcher" from file '/Volumes/UserData/Users/chistyakov/Projects/SPbNIX/clinemm/sdk/packages/core/src/extensions/config/user-instruction-config-loader.ts'
    Imported via "./unified-config-file-watcher" from file '/Volumes/UserData/Users/chistyakov/Projects/SPbNIX/clinemm/sdk/packages/core/src/extensions/config/index.ts'
    Imported via "./unified-config-file-watcher" from file '/Volumes/UserData/Users/chistyakov/Projects/SPbNIX/clinemm/sdk/packages/core/src/extensions/config/index.ts'
sdk/packages/core/src/extensions/config/user-instruction-service.ts(21,8): error TS6059: File '/Volumes/UserData/Users/chistyakov/Projects/SPbNIX/clinemm/sdk/packages/core/src/extensions/config/user-instruction-plugin.ts' is not under 'rootDir' '/Volumes/UserData/Users/chistyakov/Projects/SPbNIX/clinemm/apps/vscode'. 'rootDir' is expected to contain all source files.
sdk/packages/core/src/extensions/context/agentic-compaction.ts(13,8): error TS6059: File '/Volumes/UserData/Users/chistyakov/Projects/SPbNIX/clinemm/sdk/packages/core/src/extensions/context/budget-projection/index.ts' is not under 'rootDir' '/Volumes/UserData/Users/chistyakov/Projects/SPbNIX/clinemm/apps/vscode'. 'rootDir' is expected to contain all source files.
  The file is in the program because:
    Imported via "./budget-projection" from file '/Volumes/UserData/Users/chistyakov/Projects/SPbNIX/clinemm/sdk/packages/core/src/extensions/context/agentic-compaction.ts'
    Imported via "./budget-projection" from file '/Volumes/UserData/Users/chistyakov/Projects/SPbNIX/clinemm/sdk/packages/core/src/extensions/context/basic-compaction.ts'
sdk/packages/core/src/extensions/context/agentic-compaction.ts(27,8): error TS6059: File '/Volumes/UserData/Users/chistyakov/Projects/SPbNIX/clinemm/sdk/packages/core/src/extensions/context/compaction-shared.ts' is not under 'rootDir' '/Volumes/UserData/Users/chistyakov/Projects/SPbNIX/clinemm/apps/vscode'. 'rootDir' is expected to contain all source files.
  The file is in the program because:
    Imported via "./compaction-shared" from file '/Volumes/UserData/Users/chistyakov/Projects/SPbNIX/clinemm/sdk/packages/core/src/extensions/context/agentic-compaction.ts'
    Imported via "./compaction-shared" from file '/Volumes/UserData/Users/chistyakov/Projects/SPbNIX/clinemm/sdk/packages/core/src/extensions/context/basic-compaction.ts'
    Imported via "./compaction-shared" from file '/Volumes/UserData/Users/chistyakov/Projects/SPbNIX/clinemm/sdk/packages/core/src/extensions/context/compaction.ts'
sdk/packages/core/src/extensions/context/budget-projection/index.ts(4,8): error TS6059: File '/Volumes/UserData/Users/chistyakov/Projects/SPbNIX/clinemm/sdk/packages/core/src/extensions/context/budget-projection/project.ts' is not under 'rootDir' '/Volumes/UserData/Users/chistyakov/Projects/SPbNIX/clinemm/apps/vscode'. 'rootDir' is expected to contain all source files.
sdk/packages/core/src/extensions/context/budget-projection/project.ts(13,8): error TS6059: File '/Volumes/UserData/Users/chistyakov/Projects/SPbNIX/clinemm/sdk/packages/core/src/extensions/context/budget-projection/types.ts' is not under 'rootDir' '/Volumes/UserData/Users/chistyakov/Projects/SPbNIX/clinemm/apps/vscode'. 'rootDir' is expected to contain all source files.
  The file is in the program because:
    Imported via "./types" from file '/Volumes/UserData/Users/chistyakov/Projects/SPbNIX/clinemm/sdk/packages/core/src/extensions/context/budget-projection/project.ts'
    Imported via "./types" from file '/Volumes/UserData/Users/chistyakov/Projects/SPbNIX/clinemm/sdk/packages/core/src/extensions/context/budget-projection/index.ts'
sdk/packages/core/src/extensions/context/compaction.ts(22,38): error TS6059: File '/Volumes/UserData/Users/chistyakov/Projects/SPbNIX/clinemm/sdk/packages/core/src/extensions/context/agentic-compaction.ts' is not under 'rootDir' '/Volumes/UserData/Users/chistyakov/Projects/SPbNIX/clinemm/apps/vscode'. 'rootDir' is expected to contain all source files.
sdk/packages/core/src/extensions/context/compaction.ts(23,36): error TS6059: File '/Volumes/UserData/Users/chistyakov/Projects/SPbNIX/clinemm/sdk/packages/core/src/extensions/context/basic-compaction.ts' is not under 'rootDir' '/Volumes/UserData/Users/chistyakov/Projects/SPbNIX/clinemm/apps/vscode'. 'rootDir' is expected to contain all source files.
sdk/packages/core/src/extensions/mcp/client.ts(16,8): error TS6059: File '/Volumes/UserData/Users/chistyakov/Projects/SPbNIX/clinemm/sdk/packages/core/src/extensions/mcp/oauth.ts' is not under 'rootDir' '/Volumes/UserData/Users/chistyakov/Projects/SPbNIX/clinemm/apps/vscode'. 'rootDir' is expected to contain all source files.
  The file is in the program because:
    Imported via "./oauth" from file '/Volumes/UserData/Users/chistyakov/Projects/SPbNIX/clinemm/sdk/packages/core/src/extensions/mcp/client.ts'
    Imported via "./oauth" from file '/Volumes/UserData/Users/chistyakov/Projects/SPbNIX/clinemm/sdk/packages/core/src/extensions/mcp/index.ts'
    Imported via "./oauth" from file '/Volumes/UserData/Users/chistyakov/Projects/SPbNIX/clinemm/sdk/packages/core/src/extensions/mcp/index.ts'
sdk/packages/core/src/extensions/mcp/config-loader.ts(20,10): error TS2305: Module '"@cline/shared/storage"' has no exported member 'resolveMcpSettingsPath'.
sdk/packages/core/src/extensions/mcp/config-loader.ts(22,43): error TS6059: File '/Volumes/UserData/Users/chistyakov/Projects/SPbNIX/clinemm/sdk/packages/core/src/extensions/mcp/remote-proxy.ts' is not under 'rootDir' '/Volumes/UserData/Users/chistyakov/Projects/SPbNIX/clinemm/apps/vscode'. 'rootDir' is expected to contain all source files.
  The file is in the program because:
    Imported via "./remote-proxy" from file '/Volumes/UserData/Users/chistyakov/Projects/SPbNIX/clinemm/sdk/packages/core/src/extensions/mcp/config-loader.ts'
    Imported via "../extensions/mcp/remote-proxy" from file '/Volumes/UserData/Users/chistyakov/Projects/SPbNIX/clinemm/sdk/packages/core/src/services/mcp-install.ts'
sdk/packages/core/src/extensions/mcp/index.ts(5,8): error TS6059: File '/Volumes/UserData/Users/chistyakov/Projects/SPbNIX/clinemm/sdk/packages/core/src/extensions/mcp/client.ts' is not under 'rootDir' '/Volumes/UserData/Users/chistyakov/Projects/SPbNIX/clinemm/apps/vscode'. 'rootDir' is expected to contain all source files.
  The file is in the program because:
    Imported via "./client" from file '/Volumes/UserData/Users/chistyakov/Projects/SPbNIX/clinemm/sdk/packages/core/src/extensions/mcp/index.ts'
    Imported via "./client" from file '/Volumes/UserData/Users/chistyakov/Projects/SPbNIX/clinemm/sdk/packages/core/src/extensions/mcp/index.ts'
sdk/packages/core/src/extensions/mcp/index.ts(41,36): error TS6059: File '/Volumes/UserData/Users/chistyakov/Projects/SPbNIX/clinemm/sdk/packages/core/src/extensions/mcp/manager.ts' is not under 'rootDir' '/Volumes/UserData/Users/chistyakov/Projects/SPbNIX/clinemm/apps/vscode'. 'rootDir' is expected to contain all source files.
sdk/packages/core/src/extensions/mcp/index.ts(49,48): error TS6059: File '/Volumes/UserData/Users/chistyakov/Projects/SPbNIX/clinemm/sdk/packages/core/src/extensions/mcp/plugin-server-registration.ts' is not under 'rootDir' '/Volumes/UserData/Users/chistyakov/Projects/SPbNIX/clinemm/apps/vscode'. 'rootDir' is expected to contain all source files.
  The file is in the program because:
    Imported via "./plugin-server-registration" from file '/Volumes/UserData/Users/chistyakov/Projects/SPbNIX/clinemm/sdk/packages/core/src/extensions/mcp/index.ts'
    Imported via "./plugin-server-registration" from file '/Volumes/UserData/Users/chistyakov/Projects/SPbNIX/clinemm/sdk/packages/core/src/extensions/mcp/index.ts'
sdk/packages/core/src/extensions/mcp/index.ts(57,8): error TS6059: File '/Volumes/UserData/Users/chistyakov/Projects/SPbNIX/clinemm/sdk/packages/core/src/extensions/mcp/policies.ts' is not under 'rootDir' '/Volumes/UserData/Users/chistyakov/Projects/SPbNIX/clinemm/apps/vscode'. 'rootDir' is expected to contain all source files.
  The file is in the program because:
    Imported via "./policies" from file '/Volumes/UserData/Users/chistyakov/Projects/SPbNIX/clinemm/sdk/packages/core/src/extensions/mcp/index.ts'
    Imported via "./policies" from file '/Volumes/UserData/Users/chistyakov/Projects/SPbNIX/clinemm/sdk/packages/core/src/extensions/mcp/index.ts'
sdk/packages/core/src/extensions/mcp/index.ts(63,32): error TS6059: File '/Volumes/UserData/Users/chistyakov/Projects/SPbNIX/clinemm/sdk/packages/core/src/extensions/mcp/tools.ts' is not under 'rootDir' '/Volumes/UserData/Users/chistyakov/Projects/SPbNIX/clinemm/apps/vscode'. 'rootDir' is expected to contain all source files.
sdk/packages/core/src/extensions/mcp/oauth.ts(30,8): error TS6059: File '/Volumes/UserData/Users/chistyakov/Projects/SPbNIX/clinemm/sdk/packages/core/src/extensions/mcp/config-loader.ts' is not under 'rootDir' '/Volumes/UserData/Users/chistyakov/Projects/SPbNIX/clinemm/apps/vscode'. 'rootDir' is expected to contain all source files.
  The file is in the program because:
    Imported via "./config-loader" from file '/Volumes/UserData/Users/chistyakov/Projects/SPbNIX/clinemm/sdk/packages/core/src/extensions/mcp/oauth.ts'
    Imported via "./config-loader" from file '/Volumes/UserData/Users/chistyakov/Projects/SPbNIX/clinemm/sdk/packages/core/src/extensions/mcp/oauth.ts'
    Imported via "./config-loader" from file '/Volumes/UserData/Users/chistyakov/Projects/SPbNIX/clinemm/sdk/packages/core/src/extensions/mcp/client.ts'
    Imported via "./config-loader" from file '/Volumes/UserData/Users/chistyakov/Projects/SPbNIX/clinemm/sdk/packages/core/src/extensions/mcp/index.ts'
    Imported via "./config-loader" from file '/Volumes/UserData/Users/chistyakov/Projects/SPbNIX/clinemm/sdk/packages/core/src/extensions/mcp/index.ts'
sdk/packages/core/src/extensions/mcp/oauth.ts(31,68): error TS6059: File '/Volumes/UserData/Users/chistyakov/Projects/SPbNIX/clinemm/sdk/packages/core/src/extensions/mcp/timeout.ts' is not under 'rootDir' '/Volumes/UserData/Users/chistyakov/Projects/SPbNIX/clinemm/apps/vscode'. 'rootDir' is expected to contain all source files.
  The file is in the program because:
    Imported via "./timeout" from file '/Volumes/UserData/Users/chistyakov/Projects/SPbNIX/clinemm/sdk/packages/core/src/extensions/mcp/oauth.ts'
    Imported via "./timeout" from file '/Volumes/UserData/Users/chistyakov/Projects/SPbNIX/clinemm/sdk/packages/core/src/extensions/mcp/client.ts'
    Imported via "./timeout" from file '/Volumes/UserData/Users/chistyakov/Projects/SPbNIX/clinemm/sdk/packages/core/src/extensions/mcp/index.ts'
    Imported via "../../../../sdk/packages/core/src/extensions/mcp/timeout" from file '/Volumes/UserData/Users/chistyakov/Projects/SPbNIX/clinemm/apps/vscode/src/test/cline-core-vitest-stub.ts'
sdk/packages/core/src/extensions/mcp/policies.ts(2,45): error TS6059: File '/Volumes/UserData/Users/chistyakov/Projects/SPbNIX/clinemm/sdk/packages/core/src/extensions/mcp/name-transform.ts' is not under 'rootDir' '/Volumes/UserData/Users/chistyakov/Projects/SPbNIX/clinemm/apps/vscode'. 'rootDir' is expected to contain all source files.
  The file is in the program because:
    Imported via "./name-transform" from file '/Volumes/UserData/Users/chistyakov/Projects/SPbNIX/clinemm/sdk/packages/core/src/extensions/mcp/policies.ts'
    Imported via "./name-transform" from file '/Volumes/UserData/Users/chistyakov/Projects/SPbNIX/clinemm/sdk/packages/core/src/extensions/mcp/tools.ts'
sdk/packages/core/src/extensions/mcp/remote-proxy.ts(5,8): error TS6059: File '/Volumes/UserData/Users/chistyakov/Projects/SPbNIX/clinemm/sdk/packages/core/src/extensions/mcp/types.ts' is not under 'rootDir' '/Volumes/UserData/Users/chistyakov/Projects/SPbNIX/clinemm/apps/vscode'. 'rootDir' is expected to contain all source files.
  The file is in the program because:
    Imported via "./types" from file '/Volumes/UserData/Users/chistyakov/Projects/SPbNIX/clinemm/sdk/packages/core/src/extensions/mcp/remote-proxy.ts'
    Imported via "./types" from file '/Volumes/UserData/Users/chistyakov/Projects/SPbNIX/clinemm/sdk/packages/core/src/extensions/mcp/config-loader.ts'
    Imported via "./types" from file '/Volumes/UserData/Users/chistyakov/Projects/SPbNIX/clinemm/sdk/packages/core/src/extensions/mcp/oauth.ts'
    Imported via "./types" from file '/Volumes/UserData/Users/chistyakov/Projects/SPbNIX/clinemm/sdk/packages/core/src/extensions/mcp/client.ts'
    Imported via "./types" from file '/Volumes/UserData/Users/chistyakov/Projects/SPbNIX/clinemm/sdk/packages/core/src/extensions/mcp/manager.ts'
    Imported via "./types" from file '/Volumes/UserData/Users/chistyakov/Projects/SPbNIX/clinemm/sdk/packages/core/src/extensions/mcp/plugin-server-registration.ts'
    Imported via "./types" from file '/Volumes/UserData/Users/chistyakov/Projects/SPbNIX/clinemm/sdk/packages/core/src/extensions/mcp/name-transform.ts'
    Imported via "./types" from file '/Volumes/UserData/Users/chistyakov/Projects/SPbNIX/clinemm/sdk/packages/core/src/extensions/mcp/policies.ts'
    Imported via "./types" from file '/Volumes/UserData/Users/chistyakov/Projects/SPbNIX/clinemm/sdk/packages/core/src/extensions/mcp/tools.ts'
    Imported via "./types" from file '/Volumes/UserData/Users/chistyakov/Projects/SPbNIX/clinemm/sdk/packages/core/src/extensions/mcp/index.ts'
sdk/packages/core/src/extensions/plugin/plugin-config-loader.ts(9,2): error TS2305: Module '"@cline/shared/storage"' has no exported member 'discoverPluginModulePaths'.
sdk/packages/core/src/extensions/plugin/plugin-config-loader.ts(10,2): error TS2305: Module '"@cline/shared/storage"' has no exported member 'resolveConfiguredPluginModulePaths'.
sdk/packages/core/src/extensions/plugin/plugin-config-loader.ts(11,2): error TS2305: Module '"@cline/shared/storage"' has no exported member 'resolvePluginConfigSearchPaths'.
sdk/packages/core/src/extensions/plugin/plugin-config-loader.ts(12,2): error TS2305: Module '"@cline/shared/storage"' has no exported member 'SKILLS_CONFIG_DIRECTORY_NAME'.
sdk/packages/core/src/extensions/plugin/plugin-config-loader.ts(15,44): error TS6059: File '/Volumes/UserData/Users/chistyakov/Projects/SPbNIX/clinemm/sdk/packages/core/src/extensions/plugin/plugin-load-report.ts' is not under 'rootDir' '/Volumes/UserData/Users/chistyakov/Projects/SPbNIX/clinemm/apps/vscode'. 'rootDir' is expected to contain all source files.
  The file is in the program because:
    Imported via "./plugin-load-report" from file '/Volumes/UserData/Users/chistyakov/Projects/SPbNIX/clinemm/sdk/packages/core/src/extensions/plugin/plugin-config-loader.ts'
    Imported via "./plugin-load-report" from file '/Volumes/UserData/Users/chistyakov/Projects/SPbNIX/clinemm/sdk/packages/core/src/extensions/plugin/plugin-loader.ts'
    Imported via "./plugin-load-report" from file '/Volumes/UserData/Users/chistyakov/Projects/SPbNIX/clinemm/sdk/packages/core/src/extensions/plugin/plugin-sandbox.ts'
    Imported via "../extensions/plugin/plugin-load-report" from file '/Volumes/UserData/Users/chistyakov/Projects/SPbNIX/clinemm/sdk/packages/core/src/services/plugin-tools.ts'
    Imported via "../extensions/plugin/plugin-load-report" from file '/Volumes/UserData/Users/chistyakov/Projects/SPbNIX/clinemm/sdk/packages/core/src/services/local-runtime-bootstrap.ts'
    Imported via "./plugin/plugin-load-report" from file '/Volumes/UserData/Users/chistyakov/Projects/SPbNIX/clinemm/sdk/packages/core/src/extensions/index.ts'
sdk/packages/core/src/extensions/plugin/plugin-config-loader.ts(16,58): error TS6059: File '/Volumes/UserData/Users/chistyakov/Projects/SPbNIX/clinemm/sdk/packages/core/src/extensions/plugin/plugin-loader.ts' is not under 'rootDir' '/Volumes/UserData/Users/chistyakov/Projects/SPbNIX/clinemm/apps/vscode'. 'rootDir' is expected to contain all source files.
  The file is in the program because:
    Imported via "./plugin-loader" from file '/Volumes/UserData/Users/chistyakov/Projects/SPbNIX/clinemm/sdk/packages/core/src/extensions/plugin/plugin-config-loader.ts'
    Imported via "./plugin/plugin-loader" from file '/Volumes/UserData/Users/chistyakov/Projects/SPbNIX/clinemm/sdk/packages/core/src/extensions/index.ts'
    Imported via "./plugin/plugin-loader" from file '/Volumes/UserData/Users/chistyakov/Projects/SPbNIX/clinemm/sdk/packages/core/src/extensions/index.ts'
sdk/packages/core/src/extensions/plugin/plugin-config-loader.ts(17,38): error TS6059: File '/Volumes/UserData/Users/chistyakov/Projects/SPbNIX/clinemm/sdk/packages/core/src/extensions/plugin/plugin-sandbox.ts' is not under 'rootDir' '/Volumes/UserData/Users/chistyakov/Projects/SPbNIX/clinemm/apps/vscode'. 'rootDir' is expected to contain all source files.
  The file is in the program because:
    Imported via "./plugin-sandbox" from file '/Volumes/UserData/Users/chistyakov/Projects/SPbNIX/clinemm/sdk/packages/core/src/extensions/plugin/plugin-config-loader.ts'
    Imported via "../extensions/plugin/plugin-sandbox" from file '/Volumes/UserData/Users/chistyakov/Projects/SPbNIX/clinemm/sdk/packages/core/src/services/plugin-tools.ts'
    Imported via "../extensions/plugin/plugin-sandbox" from file '/Volumes/UserData/Users/chistyakov/Projects/SPbNIX/clinemm/sdk/packages/core/src/services/plugin-mcp-settings.ts'
sdk/packages/core/src/extensions/plugin/plugin-config-loader.ts(20,10): error TS2305: Module '"@cline/shared/storage"' has no exported member 'getPluginDisplayName'.
sdk/packages/core/src/extensions/plugin/plugin-loader.ts(8,36): error TS6059: File '/Volumes/UserData/Users/chistyakov/Projects/SPbNIX/clinemm/sdk/packages/core/src/extensions/plugin/plugin-module-import.ts' is not under 'rootDir' '/Volumes/UserData/Users/chistyakov/Projects/SPbNIX/clinemm/apps/vscode'. 'rootDir' is expected to contain all source files.
sdk/packages/core/src/extensions/plugin/plugin-loader.ts(12,8): error TS6059: File '/Volumes/UserData/Users/chistyakov/Projects/SPbNIX/clinemm/sdk/packages/core/src/extensions/plugin/plugin-targeting.ts' is not under 'rootDir' '/Volumes/UserData/Users/chistyakov/Projects/SPbNIX/clinemm/apps/vscode'. 'rootDir' is expected to contain all source files.
  The file is in the program because:
    Imported via "./plugin-targeting" from file '/Volumes/UserData/Users/chistyakov/Projects/SPbNIX/clinemm/sdk/packages/core/src/extensions/plugin/plugin-loader.ts'
    Imported via "./plugin-targeting" from file '/Volumes/UserData/Users/chistyakov/Projects/SPbNIX/clinemm/sdk/packages/core/src/extensions/plugin/plugin-sandbox.ts'
    Imported via "./plugin-targeting" from file '/Volumes/UserData/Users/chistyakov/Projects/SPbNIX/clinemm/sdk/packages/core/src/extensions/plugin/plugin-config-loader.ts'
sdk/packages/core/src/extensions/plugin/plugin-sandbox.ts(17,35): error TS6059: File '/Volumes/UserData/Users/chistyakov/Projects/SPbNIX/clinemm/sdk/packages/core/src/runtime/tools/subprocess-sandbox.ts' is not under 'rootDir' '/Volumes/UserData/Users/chistyakov/Projects/SPbNIX/clinemm/apps/vscode'. 'rootDir' is expected to contain all source files.
  The file is in the program because:
    Imported via "../../runtime/tools/subprocess-sandbox" from file '/Volumes/UserData/Users/chistyakov/Projects/SPbNIX/clinemm/sdk/packages/core/src/extensions/plugin/plugin-sandbox.ts'
    Imported via "./runtime/tools/subprocess-sandbox" from file '/Volumes/UserData/Users/chistyakov/Projects/SPbNIX/clinemm/sdk/packages/core/src/index.ts'
    Imported via "./runtime/tools/subprocess-sandbox" from file '/Volumes/UserData/Users/chistyakov/Projects/SPbNIX/clinemm/sdk/packages/core/src/types.ts'
    Imported via "./runtime/tools/subprocess-sandbox" from file '/Volumes/UserData/Users/chistyakov/Projects/SPbNIX/clinemm/sdk/packages/core/src/types.ts'
sdk/packages/core/src/extensions/tools/command-guard-extension.ts(28,8): error TS6059: File '/Volumes/UserData/Users/chistyakov/Projects/SPbNIX/clinemm/sdk/packages/core/src/extensions/tools/command-guard.ts' is not under 'rootDir' '/Volumes/UserData/Users/chistyakov/Projects/SPbNIX/clinemm/apps/vscode'. 'rootDir' is expected to contain all source files.
sdk/packages/core/src/extensions/tools/command-guard-extension.ts(30,43): error TS6059: File '/Volumes/UserData/Users/chistyakov/Projects/SPbNIX/clinemm/sdk/packages/core/src/extensions/tools/helpers.ts' is not under 'rootDir' '/Volumes/UserData/Users/chistyakov/Projects/SPbNIX/clinemm/apps/vscode'. 'rootDir' is expected to contain all source files.
  The file is in the program because:
    Imported via "./helpers" from file '/Volumes/UserData/Users/chistyakov/Projects/SPbNIX/clinemm/sdk/packages/core/src/extensions/tools/command-guard-extension.ts'
    Imported via "../helpers" from file '/Volumes/UserData/Users/chistyakov/Projects/SPbNIX/clinemm/sdk/packages/core/src/extensions/tools/executors/bash.ts'
    Imported via "./helpers" from file '/Volumes/UserData/Users/chistyakov/Projects/SPbNIX/clinemm/sdk/packages/core/src/extensions/tools/definitions.ts'
    Imported via "./helpers" from file '/Volumes/UserData/Users/chistyakov/Projects/SPbNIX/clinemm/sdk/packages/core/src/extensions/tools/index.ts'
    Imported via "../../extensions/tools/helpers" from file '/Volumes/UserData/Users/chistyakov/Projects/SPbNIX/clinemm/sdk/packages/core/src/runtime/command-policy/command-execution-plan.ts'
    Imported via "../../extensions/tools/helpers" from file '/Volumes/UserData/Users/chistyakov/Projects/SPbNIX/clinemm/sdk/packages/core/src/runtime/command-policy/command-policy.ts'
    Imported via "../../extensions/tools/helpers" from file '/Volumes/UserData/Users/chistyakov/Projects/SPbNIX/clinemm/sdk/packages/core/src/runtime/command-policy/command-risk.ts'
    Imported via "../../extensions/tools/helpers" from file '/Volumes/UserData/Users/chistyakov/Projects/SPbNIX/clinemm/sdk/packages/core/src/runtime/command-policy/structured-command-risk.ts'
    Imported via "../../extensions/tools/helpers" from file '/Volumes/UserData/Users/chistyakov/Projects/SPbNIX/clinemm/sdk/packages/core/src/runtime/command-policy/path-authority-evidence-builder.ts'
sdk/packages/core/src/extensions/tools/definitions.ts(21,34): error TS6059: File '/Volumes/UserData/Users/chistyakov/Projects/SPbNIX/clinemm/sdk/packages/core/src/extensions/tools/executors/bash.ts' is not under 'rootDir' '/Volumes/UserData/Users/chistyakov/Projects/SPbNIX/clinemm/apps/vscode'. 'rootDir' is expected to contain all source files.
  The file is in the program because:
    Imported via "./executors/bash" from file '/Volumes/UserData/Users/chistyakov/Projects/SPbNIX/clinemm/sdk/packages/core/src/extensions/tools/definitions.ts'
    Imported via "./bash" from file '/Volumes/UserData/Users/chistyakov/Projects/SPbNIX/clinemm/sdk/packages/core/src/extensions/tools/executors/index.ts'
    Imported via "./bash" from file '/Volumes/UserData/Users/chistyakov/Projects/SPbNIX/clinemm/sdk/packages/core/src/extensions/tools/executors/index.ts'
    Imported via "../../extensions/tools/executors/bash" from file '/Volumes/UserData/Users/chistyakov/Projects/SPbNIX/clinemm/sdk/packages/core/src/runtime/host/local-runtime-host.ts'
    Imported via "../../../../sdk/packages/core/src/extensions/tools/executors/bash" from file '/Volumes/UserData/Users/chistyakov/Projects/SPbNIX/clinemm/apps/vscode/src/test/cline-core-vitest-stub.ts'
sdk/packages/core/src/extensions/tools/executors/apply-patch.ts(22,8): error TS6059: File '/Volumes/UserData/Users/chistyakov/Projects/SPbNIX/clinemm/sdk/packages/core/src/extensions/tools/executors/apply-patch-parser.ts' is not under 'rootDir' '/Volumes/UserData/Users/chistyakov/Projects/SPbNIX/clinemm/apps/vscode'. 'rootDir' is expected to contain all source files.
  The file is in the program because:
    Imported via "./apply-patch-parser" from file '/Volumes/UserData/Users/chistyakov/Projects/SPbNIX/clinemm/sdk/packages/core/src/extensions/tools/executors/apply-patch.ts'
    Imported via "./apply-patch-parser" from file '/Volumes/UserData/Users/chistyakov/Projects/SPbNIX/clinemm/sdk/packages/core/src/extensions/tools/executors/index.ts'
    Imported via "../../../../sdk/packages/core/src/extensions/tools/executors/apply-patch-parser" from file '/Volumes/UserData/Users/chistyakov/Projects/SPbNIX/clinemm/apps/vscode/src/test/cline-core-vitest-stub.ts'
sdk/packages/core/src/extensions/tools/executors/apply-patch.ts(28,8): error TS6059: File '/Volumes/UserData/Users/chistyakov/Projects/SPbNIX/clinemm/sdk/packages/core/src/extensions/tools/executors/line-endings.ts' is not under 'rootDir' '/Volumes/UserData/Users/chistyakov/Projects/SPbNIX/clinemm/apps/vscode'. 'rootDir' is expected to contain all source files.
  The file is in the program because:
    Imported via "./line-endings" from file '/Volumes/UserData/Users/chistyakov/Projects/SPbNIX/clinemm/sdk/packages/core/src/extensions/tools/executors/apply-patch.ts'
    Imported via "./line-endings" from file '/Volumes/UserData/Users/chistyakov/Projects/SPbNIX/clinemm/sdk/packages/core/src/extensions/tools/executors/editor.ts'
sdk/packages/core/src/extensions/tools/executors/bash.ts(26,43): error TS6059: File '/Volumes/UserData/Users/chistyakov/Projects/SPbNIX/clinemm/sdk/packages/core/src/runtime/sandbox/types.ts' is not under 'rootDir' '/Volumes/UserData/Users/chistyakov/Projects/SPbNIX/clinemm/apps/vscode'. 'rootDir' is expected to contain all source files.
  The file is in the program because:
    Imported via "../../../runtime/sandbox/types" from file '/Volumes/UserData/Users/chistyakov/Projects/SPbNIX/clinemm/sdk/packages/core/src/extensions/tools/executors/bash.ts'
    Imported via "./types" from file '/Volumes/UserData/Users/chistyakov/Projects/SPbNIX/clinemm/sdk/packages/core/src/runtime/sandbox/canonical-paths.ts'
    Imported via "./types" from file '/Volumes/UserData/Users/chistyakov/Projects/SPbNIX/clinemm/sdk/packages/core/src/runtime/sandbox/environment.ts'
    Imported via "./types" from file '/Volumes/UserData/Users/chistyakov/Projects/SPbNIX/clinemm/sdk/packages/core/src/runtime/sandbox/no-sandbox-backend.ts'
    Imported via "./types" from file '/Volumes/UserData/Users/chistyakov/Projects/SPbNIX/clinemm/sdk/packages/core/src/runtime/sandbox/sandbox-backend.ts'
    Imported via "../types" from file '/Volumes/UserData/Users/chistyakov/Projects/SPbNIX/clinemm/sdk/packages/core/src/runtime/sandbox/macos/seatbelt-profile.ts'
    Imported via "../types" from file '/Volumes/UserData/Users/chistyakov/Projects/SPbNIX/clinemm/sdk/packages/core/src/runtime/sandbox/macos/seatbelt-profile.ts'
    Imported via "../types" from file '/Volumes/UserData/Users/chistyakov/Projects/SPbNIX/clinemm/sdk/packages/core/src/runtime/sandbox/macos/seatbelt-backend.ts'
    Imported via "../types" from file '/Volumes/UserData/Users/chistyakov/Projects/SPbNIX/clinemm/sdk/packages/core/src/runtime/sandbox/macos/seatbelt-backend.ts'
    Imported via "./runtime/sandbox/types" from file '/Volumes/UserData/Users/chistyakov/Projects/SPbNIX/clinemm/sdk/packages/core/src/index.ts'
    Imported via "./runtime/sandbox/types" from file '/Volumes/UserData/Users/chistyakov/Projects/SPbNIX/clinemm/sdk/packages/core/src/index.ts'
    Imported via "../../../../sdk/packages/core/src/runtime/sandbox/types" from file '/Volumes/UserData/Users/chistyakov/Projects/SPbNIX/clinemm/apps/vscode/src/test/cline-core-vitest-stub.ts'
sdk/packages/core/src/extensions/tools/executors/bash.ts(30,8): error TS6059: File '/Volumes/UserData/Users/chistyakov/Projects/SPbNIX/clinemm/sdk/packages/core/src/runtime/process-start-token.ts' is not under 'rootDir' '/Volumes/UserData/Users/chistyakov/Projects/SPbNIX/clinemm/apps/vscode'. 'rootDir' is expected to contain all source files.
  The file is in the program because:
    Imported via "../../../runtime/process-start-token" from file '/Volumes/UserData/Users/chistyakov/Projects/SPbNIX/clinemm/sdk/packages/core/src/extensions/tools/executors/bash.ts'
    Imported via "./runtime/process-start-token" from file '/Volumes/UserData/Users/chistyakov/Projects/SPbNIX/clinemm/sdk/packages/core/src/index.ts'
sdk/packages/core/src/extensions/tools/executors/bash.ts(159,52): error TS6059: File '/Volumes/UserData/Users/chistyakov/Projects/SPbNIX/clinemm/sdk/packages/core/src/extensions/tools/executors/run-command-execution-controller.ts' is not under 'rootDir' '/Volumes/UserData/Users/chistyakov/Projects/SPbNIX/clinemm/apps/vscode'. 'rootDir' is expected to contain all source files.
  The file is in the program because:
    Imported via "./run-command-execution-controller" from file '/Volumes/UserData/Users/chistyakov/Projects/SPbNIX/clinemm/sdk/packages/core/src/extensions/tools/executors/bash.ts'
    Imported via "./run-command-execution-controller" from file '/Volumes/UserData/Users/chistyakov/Projects/SPbNIX/clinemm/sdk/packages/core/src/extensions/tools/executors/index.ts'
sdk/packages/core/src/extensions/tools/executors/file-read.ts(12,10): error TS2305: Module '"@cline/shared/storage"' has no exported member 'resolveExistingFilePath'.
sdk/packages/core/src/extensions/tools/executors/file-read.ts(13,38): error TS6059: File '/Volumes/UserData/Users/chistyakov/Projects/SPbNIX/clinemm/sdk/packages/core/src/extensions/tools/schemas.ts' is not under 'rootDir' '/Volumes/UserData/Users/chistyakov/Projects/SPbNIX/clinemm/apps/vscode'. 'rootDir' is expected to contain all source files.
  The file is in the program because:
    Imported via "../schemas" from file '/Volumes/UserData/Users/chistyakov/Projects/SPbNIX/clinemm/sdk/packages/core/src/extensions/tools/executors/file-read.ts'
    Imported via "./schemas" from file '/Volumes/UserData/Users/chistyakov/Projects/SPbNIX/clinemm/sdk/packages/core/src/extensions/tools/types.ts'
    Imported via "./schemas" from file '/Volumes/UserData/Users/chistyakov/Projects/SPbNIX/clinemm/sdk/packages/core/src/extensions/tools/command-guard.ts'
    Imported via "./schemas" from file '/Volumes/UserData/Users/chistyakov/Projects/SPbNIX/clinemm/sdk/packages/core/src/extensions/tools/helpers.ts'
    Imported via "./schemas" from file '/Volumes/UserData/Users/chistyakov/Projects/SPbNIX/clinemm/sdk/packages/core/src/extensions/tools/definitions.ts'
    Imported via "../schemas" from file '/Volumes/UserData/Users/chistyakov/Projects/SPbNIX/clinemm/sdk/packages/core/src/extensions/tools/executors/apply-patch.ts'
    Imported via "../schemas" from file '/Volumes/UserData/Users/chistyakov/Projects/SPbNIX/clinemm/sdk/packages/core/src/extensions/tools/executors/editor.ts'
    Imported via "./schemas" from file '/Volumes/UserData/Users/chistyakov/Projects/SPbNIX/clinemm/sdk/packages/core/src/extensions/tools/index.ts'
    Imported via "../../extensions/tools/schemas" from file '/Volumes/UserData/Users/chistyakov/Projects/SPbNIX/clinemm/sdk/packages/core/src/runtime/command-policy/command-execution-plan.ts'
    Imported via "../../extensions/tools/schemas" from file '/Volumes/UserData/Users/chistyakov/Projects/SPbNIX/clinemm/sdk/packages/core/src/runtime/command-policy/command-policy-types.ts'
    Imported via "../../extensions/tools/schemas" from file '/Volumes/UserData/Users/chistyakov/Projects/SPbNIX/clinemm/sdk/packages/core/src/runtime/command-policy/safe-execution-profile.ts'
    Imported via "../../extensions/tools/schemas" from file '/Volumes/UserData/Users/chistyakov/Projects/SPbNIX/clinemm/sdk/packages/core/src/runtime/command-policy/command-policy.ts'
    Imported via "../../extensions/tools/schemas" from file '/Volumes/UserData/Users/chistyakov/Projects/SPbNIX/clinemm/sdk/packages/core/src/runtime/command-policy/command-risk.ts'
    Imported via "../../extensions/tools/schemas" from file '/Volumes/UserData/Users/chistyakov/Projects/SPbNIX/clinemm/sdk/packages/core/src/runtime/command-policy/structured-command-risk.ts'
    Imported via "../../../../sdk/packages/core/src/extensions/tools/schemas" from file '/Volumes/UserData/Users/chistyakov/Projects/SPbNIX/clinemm/apps/vscode/src/test/cline-core-vitest-stub.ts'
sdk/packages/core/src/extensions/tools/executors/file-read.ts(14,39): error TS6059: File '/Volumes/UserData/Users/chistyakov/Projects/SPbNIX/clinemm/sdk/packages/core/src/extensions/tools/types.ts' is not under 'rootDir' '/Volumes/UserData/Users/chistyakov/Projects/SPbNIX/clinemm/apps/vscode'. 'rootDir' is expected to contain all source files.
  The file is in the program because:
    Imported via "../types" from file '/Volumes/UserData/Users/chistyakov/Projects/SPbNIX/clinemm/sdk/packages/core/src/extensions/tools/executors/file-read.ts'
    Imported via "./types" from file '/Volumes/UserData/Users/chistyakov/Projects/SPbNIX/clinemm/sdk/packages/core/src/extensions/tools/model-tool-routing.ts'
    Imported via "./types" from file '/Volumes/UserData/Users/chistyakov/Projects/SPbNIX/clinemm/sdk/packages/core/src/extensions/tools/constants.ts'
    Imported via "../types" from file '/Volumes/UserData/Users/chistyakov/Projects/SPbNIX/clinemm/sdk/packages/core/src/extensions/tools/executors/bash.ts'
    Imported via "./types" from file '/Volumes/UserData/Users/chistyakov/Projects/SPbNIX/clinemm/sdk/packages/core/src/extensions/tools/definitions.ts'
    Imported via "../types" from file '/Volumes/UserData/Users/chistyakov/Projects/SPbNIX/clinemm/sdk/packages/core/src/extensions/tools/executors/index.ts'
    Imported via "../types" from file '/Volumes/UserData/Users/chistyakov/Projects/SPbNIX/clinemm/sdk/packages/core/src/extensions/tools/executors/apply-patch.ts'
    Imported via "../types" from file '/Volumes/UserData/Users/chistyakov/Projects/SPbNIX/clinemm/sdk/packages/core/src/extensions/tools/executors/editor.ts'
    Imported via "../types" from file '/Volumes/UserData/Users/chistyakov/Projects/SPbNIX/clinemm/sdk/packages/core/src/extensions/tools/executors/search.ts'
    Imported via "../types" from file '/Volumes/UserData/Users/chistyakov/Projects/SPbNIX/clinemm/sdk/packages/core/src/extensions/tools/executors/web-fetch.ts'
    Imported via "./types" from file '/Volumes/UserData/Users/chistyakov/Projects/SPbNIX/clinemm/sdk/packages/core/src/extensions/tools/presets.ts'
    Imported via "./types" from file '/Volumes/UserData/Users/chistyakov/Projects/SPbNIX/clinemm/sdk/packages/core/src/extensions/tools/runtime.ts'
    Imported via "./types" from file '/Volumes/UserData/Users/chistyakov/Projects/SPbNIX/clinemm/sdk/packages/core/src/extensions/tools/index.ts'
    Imported via "./types" from file '/Volumes/UserData/Users/chistyakov/Projects/SPbNIX/clinemm/sdk/packages/core/src/extensions/tools/index.ts'
    Imported via "../../../../sdk/packages/core/src/extensions/tools/types" from file '/Volumes/UserData/Users/chistyakov/Projects/SPbNIX/clinemm/apps/vscode/src/test/cline-core-vitest-stub.ts'
sdk/packages/core/src/extensions/tools/executors/file-read.ts(19,8): error TS6059: File '/Volumes/UserData/Users/chistyakov/Projects/SPbNIX/clinemm/sdk/packages/core/src/extensions/tools/executors/output-limits.ts' is not under 'rootDir' '/Volumes/UserData/Users/chistyakov/Projects/SPbNIX/clinemm/apps/vscode'. 'rootDir' is expected to contain all source files.
  The file is in the program because:
    Imported via "./output-limits" from file '/Volumes/UserData/Users/chistyakov/Projects/SPbNIX/clinemm/sdk/packages/core/src/extensions/tools/executors/file-read.ts'
    Imported via "./output-limits" from file '/Volumes/UserData/Users/chistyakov/Projects/SPbNIX/clinemm/sdk/packages/core/src/extensions/tools/executors/bash.ts'
    Imported via "./executors/output-limits" from file '/Volumes/UserData/Users/chistyakov/Projects/SPbNIX/clinemm/sdk/packages/core/src/extensions/tools/definitions.ts'
    Imported via "./output-limits" from file '/Volumes/UserData/Users/chistyakov/Projects/SPbNIX/clinemm/sdk/packages/core/src/extensions/tools/executors/search.ts'
    Imported via "./executors/output-limits" from file '/Volumes/UserData/Users/chistyakov/Projects/SPbNIX/clinemm/sdk/packages/core/src/extensions/tools/index.ts'
sdk/packages/core/src/extensions/tools/executors/index.ts(13,8): error TS6059: File '/Volumes/UserData/Users/chistyakov/Projects/SPbNIX/clinemm/sdk/packages/core/src/extensions/tools/executors/apply-patch.ts' is not under 'rootDir' '/Volumes/UserData/Users/chistyakov/Projects/SPbNIX/clinemm/apps/vscode'. 'rootDir' is expected to contain all source files.
  The file is in the program because:
    Imported via "./apply-patch" from file '/Volumes/UserData/Users/chistyakov/Projects/SPbNIX/clinemm/sdk/packages/core/src/extensions/tools/executors/index.ts'
    Imported via "./apply-patch" from file '/Volumes/UserData/Users/chistyakov/Projects/SPbNIX/clinemm/sdk/packages/core/src/extensions/tools/executors/index.ts'
    Imported via "../../../../sdk/packages/core/src/extensions/tools/executors/apply-patch" from file '/Volumes/UserData/Users/chistyakov/Projects/SPbNIX/clinemm/apps/vscode/src/test/cline-core-vitest-stub.ts'
sdk/packages/core/src/extensions/tools/executors/index.ts(15,66): error TS6059: File '/Volumes/UserData/Users/chistyakov/Projects/SPbNIX/clinemm/sdk/packages/core/src/extensions/tools/executors/editor.ts' is not under 'rootDir' '/Volumes/UserData/Users/chistyakov/Projects/SPbNIX/clinemm/apps/vscode'. 'rootDir' is expected to contain all source files.
  The file is in the program because:
    Imported via "./editor" from file '/Volumes/UserData/Users/chistyakov/Projects/SPbNIX/clinemm/sdk/packages/core/src/extensions/tools/executors/index.ts'
    Imported via "./editor" from file '/Volumes/UserData/Users/chistyakov/Projects/SPbNIX/clinemm/sdk/packages/core/src/extensions/tools/executors/index.ts'
    Imported via "../../../../sdk/packages/core/src/extensions/tools/executors/editor" from file '/Volumes/UserData/Users/chistyakov/Projects/SPbNIX/clinemm/apps/vscode/src/test/cline-core-vitest-stub.ts'
sdk/packages/core/src/extensions/tools/executors/index.ts(20,66): error TS6059: File '/Volumes/UserData/Users/chistyakov/Projects/SPbNIX/clinemm/sdk/packages/core/src/extensions/tools/executors/search.ts' is not under 'rootDir' '/Volumes/UserData/Users/chistyakov/Projects/SPbNIX/clinemm/apps/vscode'. 'rootDir' is expected to contain all source files.
  The file is in the program because:
    Imported via "./search" from file '/Volumes/UserData/Users/chistyakov/Projects/SPbNIX/clinemm/sdk/packages/core/src/extensions/tools/executors/index.ts'
    Imported via "./search" from file '/Volumes/UserData/Users/chistyakov/Projects/SPbNIX/clinemm/sdk/packages/core/src/extensions/tools/executors/index.ts'
sdk/packages/core/src/extensions/tools/executors/index.ts(24,8): error TS6059: File '/Volumes/UserData/Users/chistyakov/Projects/SPbNIX/clinemm/sdk/packages/core/src/extensions/tools/executors/web-fetch.ts' is not under 'rootDir' '/Volumes/UserData/Users/chistyakov/Projects/SPbNIX/clinemm/apps/vscode'. 'rootDir' is expected to contain all source files.
  The file is in the program because:
    Imported via "./web-fetch" from file '/Volumes/UserData/Users/chistyakov/Projects/SPbNIX/clinemm/sdk/packages/core/src/extensions/tools/executors/index.ts'
    Imported via "./web-fetch" from file '/Volumes/UserData/Users/chistyakov/Projects/SPbNIX/clinemm/sdk/packages/core/src/extensions/tools/executors/index.ts'
sdk/packages/core/src/extensions/tools/executors/search.ts(11,30): error TS6059: File '/Volumes/UserData/Users/chistyakov/Projects/SPbNIX/clinemm/sdk/packages/core/src/services/workspace/index.ts' is not under 'rootDir' '/Volumes/UserData/Users/chistyakov/Projects/SPbNIX/clinemm/apps/vscode'. 'rootDir' is expected to contain all source files.
  The file is in the program because:
    Imported via "../../../services/workspace" from file '/Volumes/UserData/Users/chistyakov/Projects/SPbNIX/clinemm/sdk/packages/core/src/extensions/tools/executors/search.ts'
    Imported via "./workspace" from file '/Volumes/UserData/Users/chistyakov/Projects/SPbNIX/clinemm/sdk/packages/core/src/services/session-telemetry.ts'
    Imported via "../../services/workspace" from file '/Volumes/UserData/Users/chistyakov/Projects/SPbNIX/clinemm/sdk/packages/core/src/runtime/host/local-runtime-host.ts'
    Imported via "./services/workspace" from file '/Volumes/UserData/Users/chistyakov/Projects/SPbNIX/clinemm/sdk/packages/core/src/index.ts'
    Imported via "./services/workspace" from file '/Volumes/UserData/Users/chistyakov/Projects/SPbNIX/clinemm/sdk/packages/core/src/index.ts'
sdk/packages/core/src/extensions/tools/index.ts(13,8): error TS6059: File '/Volumes/UserData/Users/chistyakov/Projects/SPbNIX/clinemm/sdk/packages/core/src/extensions/tools/command-guard-extension.ts' is not under 'rootDir' '/Volumes/UserData/Users/chistyakov/Projects/SPbNIX/clinemm/apps/vscode'. 'rootDir' is expected to contain all source files.
  The file is in the program because:
    Imported via "./command-guard-extension" from file '/Volumes/UserData/Users/chistyakov/Projects/SPbNIX/clinemm/sdk/packages/core/src/extensions/tools/index.ts'
    Imported via "../../extensions/tools/command-guard-extension" from file '/Volumes/UserData/Users/chistyakov/Projects/SPbNIX/clinemm/sdk/packages/core/src/runtime/orchestration/runtime-builder.ts'
sdk/packages/core/src/extensions/tools/index.ts(28,8): error TS6059: File '/Volumes/UserData/Users/chistyakov/Projects/SPbNIX/clinemm/sdk/packages/core/src/extensions/tools/definitions.ts' is not under 'rootDir' '/Volumes/UserData/Users/chistyakov/Projects/SPbNIX/clinemm/apps/vscode'. 'rootDir' is expected to contain all source files.
  The file is in the program because:
    Imported via "./definitions" from file '/Volumes/UserData/Users/chistyakov/Projects/SPbNIX/clinemm/sdk/packages/core/src/extensions/tools/index.ts'
    Imported via "./definitions" from file '/Volumes/UserData/Users/chistyakov/Projects/SPbNIX/clinemm/sdk/packages/core/src/extensions/tools/presets.ts'
    Imported via "./definitions" from file '/Volumes/UserData/Users/chistyakov/Projects/SPbNIX/clinemm/sdk/packages/core/src/extensions/tools/index.ts'
    Imported via "../../../../sdk/packages/core/src/extensions/tools/definitions" from file '/Volumes/UserData/Users/chistyakov/Projects/SPbNIX/clinemm/apps/vscode/src/test/cline-core-vitest-stub.ts'
sdk/packages/core/src/extensions/tools/index.ts(56,8): error TS6059: File '/Volumes/UserData/Users/chistyakov/Projects/SPbNIX/clinemm/sdk/packages/core/src/extensions/tools/executors/index.ts' is not under 'rootDir' '/Volumes/UserData/Users/chistyakov/Projects/SPbNIX/clinemm/apps/vscode'. 'rootDir' is expected to contain all source files.
  The file is in the program because:
    Imported via "./executors/index" from file '/Volumes/UserData/Users/chistyakov/Projects/SPbNIX/clinemm/sdk/packages/core/src/extensions/tools/index.ts'
    Imported via "./executors/index" from file '/Volumes/UserData/Users/chistyakov/Projects/SPbNIX/clinemm/sdk/packages/core/src/extensions/tools/index.ts'
sdk/packages/core/src/extensions/tools/index.ts(74,8): error TS6059: File '/Volumes/UserData/Users/chistyakov/Projects/SPbNIX/clinemm/sdk/packages/core/src/extensions/tools/presets.ts' is not under 'rootDir' '/Volumes/UserData/Users/chistyakov/Projects/SPbNIX/clinemm/apps/vscode'. 'rootDir' is expected to contain all source files.
  The file is in the program because:
    Imported via "./presets" from file '/Volumes/UserData/Users/chistyakov/Projects/SPbNIX/clinemm/sdk/packages/core/src/extensions/tools/index.ts'
    Imported via "./presets" from file '/Volumes/UserData/Users/chistyakov/Projects/SPbNIX/clinemm/sdk/packages/core/src/extensions/tools/runtime.ts'
sdk/packages/core/src/extensions/tools/index.ts(87,8): error TS6059: File '/Volumes/UserData/Users/chistyakov/Projects/SPbNIX/clinemm/sdk/packages/core/src/extensions/tools/runtime.ts' is not under 'rootDir' '/Volumes/UserData/Users/chistyakov/Projects/SPbNIX/clinemm/apps/vscode'. 'rootDir' is expected to contain all source files.
  The file is in the program because:
    Imported via "./runtime" from file '/Volumes/UserData/Users/chistyakov/Projects/SPbNIX/clinemm/sdk/packages/core/src/extensions/tools/index.ts'
    Imported via "../../../extensions/tools/runtime" from file '/Volumes/UserData/Users/chistyakov/Projects/SPbNIX/clinemm/sdk/packages/core/src/hub/server/handlers/session-handlers.ts'
sdk/packages/core/src/extensions/tools/team/configured-agent-config.ts(4,10): error TS2305: Module '"@cline/shared/storage"' has no exported member 'resolveAgentConfigSearchPaths'.
sdk/packages/core/src/extensions/tools/team/configured-agent-tool.ts(20,8): error TS6059: File '/Volumes/UserData/Users/chistyakov/Projects/SPbNIX/clinemm/sdk/packages/core/src/extensions/tools/team/delegated-agent.ts' is not under 'rootDir' '/Volumes/UserData/Users/chistyakov/Projects/SPbNIX/clinemm/apps/vscode'. 'rootDir' is expected to contain all source files.
  The file is in the program because:
    Imported via "./delegated-agent" from file '/Volumes/UserData/Users/chistyakov/Projects/SPbNIX/clinemm/sdk/packages/core/src/extensions/tools/team/configured-agent-tool.ts'
    Imported via "./delegated-agent" from file '/Volumes/UserData/Users/chistyakov/Projects/SPbNIX/clinemm/sdk/packages/core/src/extensions/tools/team/subagent-prompts.ts'
    Imported via "./delegated-agent" from file '/Volumes/UserData/Users/chistyakov/Projects/SPbNIX/clinemm/sdk/packages/core/src/extensions/tools/team/spawn-agent-tool.ts'
    Imported via "./delegated-agent" from file '/Volumes/UserData/Users/chistyakov/Projects/SPbNIX/clinemm/sdk/packages/core/src/extensions/tools/team/runtime.ts'
    Imported via "./delegated-agent" from file '/Volumes/UserData/Users/chistyakov/Projects/SPbNIX/clinemm/sdk/packages/core/src/extensions/tools/team/team-tools.ts'
sdk/packages/core/src/extensions/tools/team/configured-agent-tool.ts(25,8): error TS6059: File '/Volumes/UserData/Users/chistyakov/Projects/SPbNIX/clinemm/sdk/packages/core/src/extensions/tools/team/spawn-agent-tool.ts' is not under 'rootDir' '/Volumes/UserData/Users/chistyakov/Projects/SPbNIX/clinemm/apps/vscode'. 'rootDir' is expected to contain all source files.
  The file is in the program because:
    Imported via "./spawn-agent-tool" from file '/Volumes/UserData/Users/chistyakov/Projects/SPbNIX/clinemm/sdk/packages/core/src/extensions/tools/team/configured-agent-tool.ts'
    Imported via "./spawn-agent-tool" from file '/Volumes/UserData/Users/chistyakov/Projects/SPbNIX/clinemm/sdk/packages/core/src/extensions/tools/team/runtime.ts'
    Imported via "./spawn-agent-tool" from file '/Volumes/UserData/Users/chistyakov/Projects/SPbNIX/clinemm/sdk/packages/core/src/extensions/tools/team/index.ts'
    Imported via "./team/spawn-agent-tool" from file '/Volumes/UserData/Users/chistyakov/Projects/SPbNIX/clinemm/sdk/packages/core/src/extensions/tools/runtime.ts'
sdk/packages/core/src/extensions/tools/team/delegated-agent.ts(12,32): error TS6059: File '/Volumes/UserData/Users/chistyakov/Projects/SPbNIX/clinemm/sdk/packages/core/src/runtime/orchestration/session-runtime-orchestrator.ts' is not under 'rootDir' '/Volumes/UserData/Users/chistyakov/Projects/SPbNIX/clinemm/apps/vscode'. 'rootDir' is expected to contain all source files.
  The file is in the program because:
    Imported via "../../../runtime/orchestration/session-runtime-orchestrator" from file '/Volumes/UserData/Users/chistyakov/Projects/SPbNIX/clinemm/sdk/packages/core/src/extensions/tools/team/delegated-agent.ts'
    Imported via "../../../runtime/orchestration/session-runtime-orchestrator" from file '/Volumes/UserData/Users/chistyakov/Projects/SPbNIX/clinemm/sdk/packages/core/src/extensions/tools/team/multi-agent.ts'
    Imported via "../runtime/orchestration/session-runtime-orchestrator" from file '/Volumes/UserData/Users/chistyakov/Projects/SPbNIX/clinemm/sdk/packages/core/src/types/session.ts'
    Imported via "../orchestration/session-runtime-orchestrator" from file '/Volumes/UserData/Users/chistyakov/Projects/SPbNIX/clinemm/sdk/packages/core/src/runtime/host/local-runtime-host.ts'
    Imported via "../../orchestration/session-runtime-orchestrator" from file '/Volumes/UserData/Users/chistyakov/Projects/SPbNIX/clinemm/sdk/packages/core/src/runtime/host/local/agent-event-bridge.ts'
sdk/packages/core/src/extensions/tools/team/delegated-agent.ts(16,8): error TS6059: File '/Volumes/UserData/Users/chistyakov/Projects/SPbNIX/clinemm/sdk/packages/core/src/extensions/tools/team/subagent-prompts.ts' is not under 'rootDir' '/Volumes/UserData/Users/chistyakov/Projects/SPbNIX/clinemm/apps/vscode'. 'rootDir' is expected to contain all source files.
sdk/packages/core/src/extensions/tools/team/index.ts(7,8): error TS6059: File '/Volumes/UserData/Users/chistyakov/Projects/SPbNIX/clinemm/sdk/packages/core/src/extensions/tools/team/configured-agent-config.ts' is not under 'rootDir' '/Volumes/UserData/Users/chistyakov/Projects/SPbNIX/clinemm/apps/vscode'. 'rootDir' is expected to contain all source files.
  The file is in the program because:
    Imported via "./configured-agent-config" from file '/Volumes/UserData/Users/chistyakov/Projects/SPbNIX/clinemm/sdk/packages/core/src/extensions/tools/team/index.ts'
    Imported via "./configured-agent-config" from file '/Volumes/UserData/Users/chistyakov/Projects/SPbNIX/clinemm/sdk/packages/core/src/extensions/tools/team/configured-agent-tool.ts'
    Imported via "../../extensions/tools/team/configured-agent-config" from file '/Volumes/UserData/Users/chistyakov/Projects/SPbNIX/clinemm/sdk/packages/core/src/runtime/orchestration/runtime-builder.ts'
    Imported via "../../extensions/tools/team/configured-agent-config" from file '/Volumes/UserData/Users/chistyakov/Projects/SPbNIX/clinemm/sdk/packages/core/src/runtime/orchestration/runtime-builder.ts'
sdk/packages/core/src/extensions/tools/team/index.ts(15,8): error TS6059: File '/Volumes/UserData/Users/chistyakov/Projects/SPbNIX/clinemm/sdk/packages/core/src/extensions/tools/team/configured-agent-tool.ts' is not under 'rootDir' '/Volumes/UserData/Users/chistyakov/Projects/SPbNIX/clinemm/apps/vscode'. 'rootDir' is expected to contain all source files.
  The file is in the program because:
    Imported via "./configured-agent-tool" from file '/Volumes/UserData/Users/chistyakov/Projects/SPbNIX/clinemm/sdk/packages/core/src/extensions/tools/team/index.ts'
    Imported via "../../extensions/tools/team/configured-agent-tool" from file '/Volumes/UserData/Users/chistyakov/Projects/SPbNIX/clinemm/sdk/packages/core/src/runtime/orchestration/runtime-builder.ts'
sdk/packages/core/src/extensions/tools/team/index.ts(19,8): error TS6059: File '/Volumes/UserData/Users/chistyakov/Projects/SPbNIX/clinemm/sdk/packages/core/src/extensions/tools/team/projections.ts' is not under 'rootDir' '/Volumes/UserData/Users/chistyakov/Projects/SPbNIX/clinemm/apps/vscode'. 'rootDir' is expected to contain all source files.
sdk/packages/core/src/extensions/tools/team/index.ts(20,15): error TS6059: File '/Volumes/UserData/Users/chistyakov/Projects/SPbNIX/clinemm/sdk/packages/core/src/extensions/tools/team/runtime.ts' is not under 'rootDir' '/Volumes/UserData/Users/chistyakov/Projects/SPbNIX/clinemm/apps/vscode'. 'rootDir' is expected to contain all source files.
sdk/packages/core/src/extensions/tools/team/projections.ts(8,32): error TS6059: File '/Volumes/UserData/Users/chistyakov/Projects/SPbNIX/clinemm/sdk/packages/core/src/extensions/tools/team/multi-agent.ts' is not under 'rootDir' '/Volumes/UserData/Users/chistyakov/Projects/SPbNIX/clinemm/apps/vscode'. 'rootDir' is expected to contain all source files.
  The file is in the program because:
    Imported via "./multi-agent" from file '/Volumes/UserData/Users/chistyakov/Projects/SPbNIX/clinemm/sdk/packages/core/src/extensions/tools/team/projections.ts'
    Imported via "./multi-agent" from file '/Volumes/UserData/Users/chistyakov/Projects/SPbNIX/clinemm/sdk/packages/core/src/extensions/tools/team/runtime.ts'
    Imported via "./multi-agent" from file '/Volumes/UserData/Users/chistyakov/Projects/SPbNIX/clinemm/sdk/packages/core/src/extensions/tools/team/team-tools.ts'
sdk/packages/core/src/extensions/tools/team/runtime.ts(54,8): error TS6059: File '/Volumes/UserData/Users/chistyakov/Projects/SPbNIX/clinemm/sdk/packages/core/src/extensions/tools/team/team-tools.ts' is not under 'rootDir' '/Volumes/UserData/Users/chistyakov/Projects/SPbNIX/clinemm/apps/vscode'. 'rootDir' is expected to contain all source files.
  The file is in the program because:
    Imported via "./team-tools" from file '/Volumes/UserData/Users/chistyakov/Projects/SPbNIX/clinemm/sdk/packages/core/src/extensions/tools/team/runtime.ts'
    Imported via "./team/team-tools" from file '/Volumes/UserData/Users/chistyakov/Projects/SPbNIX/clinemm/sdk/packages/core/src/extensions/tools/runtime.ts'
    Imported via "./team/team-tools" from file '/Volumes/UserData/Users/chistyakov/Projects/SPbNIX/clinemm/sdk/packages/core/src/extensions/tools/index.ts'
sdk/packages/core/src/hooks/checkpoint-hooks.ts(7,38): error TS6059: File '/Volumes/UserData/Users/chistyakov/Projects/SPbNIX/clinemm/sdk/packages/core/src/session/user-run-messages.ts' is not under 'rootDir' '/Volumes/UserData/Users/chistyakov/Projects/SPbNIX/clinemm/apps/vscode'. 'rootDir' is expected to contain all source files.
  The file is in the program because:
    Imported via "../session/user-run-messages" from file '/Volumes/UserData/Users/chistyakov/Projects/SPbNIX/clinemm/sdk/packages/core/src/hooks/checkpoint-hooks.ts'
    Imported via "../../session/user-run-messages" from file '/Volumes/UserData/Users/chistyakov/Projects/SPbNIX/clinemm/sdk/packages/core/src/extensions/context/agentic-compaction.ts'
    Imported via "../../session/user-run-messages" from file '/Volumes/UserData/Users/chistyakov/Projects/SPbNIX/clinemm/sdk/packages/core/src/extensions/context/basic-compaction.ts'
    Imported via "./user-run-messages" from file '/Volumes/UserData/Users/chistyakov/Projects/SPbNIX/clinemm/sdk/packages/core/src/session/checkpoint-restore.ts'
    Imported via "./session/user-run-messages" from file '/Volumes/UserData/Users/chistyakov/Projects/SPbNIX/clinemm/sdk/packages/core/src/index.ts'
sdk/packages/core/src/hooks/hook-file-config.ts(4,2): error TS2305: Module '"@cline/shared/storage"' has no exported member 'HOOKS_CONFIG_DIRECTORY_NAME'.
sdk/packages/core/src/hooks/hook-file-config.ts(5,2): error TS2305: Module '"@cline/shared/storage"' has no exported member 'resolveHooksConfigSearchPaths'.
sdk/packages/core/src/hooks/hook-file-config.ts(7,36): error TS6059: File '/Volumes/UserData/Users/chistyakov/Projects/SPbNIX/clinemm/sdk/packages/core/src/hooks/subprocess.ts' is not under 'rootDir' '/Volumes/UserData/Users/chistyakov/Projects/SPbNIX/clinemm/apps/vscode'. 'rootDir' is expected to contain all source files.
  The file is in the program because:
    Imported via "./subprocess" from file '/Volumes/UserData/Users/chistyakov/Projects/SPbNIX/clinemm/sdk/packages/core/src/hooks/hook-file-config.ts'
    Imported via "./subprocess" from file '/Volumes/UserData/Users/chistyakov/Projects/SPbNIX/clinemm/sdk/packages/core/src/hooks/hook-file-hooks.ts'
    Imported via "./subprocess" from file '/Volumes/UserData/Users/chistyakov/Projects/SPbNIX/clinemm/sdk/packages/core/src/hooks/index.ts'
sdk/packages/core/src/hooks/hook-file-hooks.ts(16,10): error TS2305: Module '"@cline/shared/storage"' has no exported member 'ensureHookLogDir'.
sdk/packages/core/src/hooks/index.ts(1,43): error TS6059: File '/Volumes/UserData/Users/chistyakov/Projects/SPbNIX/clinemm/sdk/packages/core/src/hooks/hook-extension.ts' is not under 'rootDir' '/Volumes/UserData/Users/chistyakov/Projects/SPbNIX/clinemm/apps/vscode'. 'rootDir' is expected to contain all source files.
  The file is in the program because:
    Imported via "./hook-extension" from file '/Volumes/UserData/Users/chistyakov/Projects/SPbNIX/clinemm/sdk/packages/core/src/hooks/index.ts'
    Imported via "./hook-extension" from file '/Volumes/UserData/Users/chistyakov/Projects/SPbNIX/clinemm/sdk/packages/core/src/hooks/hook-file-hooks.ts'
sdk/packages/core/src/hooks/index.ts(10,8): error TS6059: File '/Volumes/UserData/Users/chistyakov/Projects/SPbNIX/clinemm/sdk/packages/core/src/hooks/hook-file-config.ts' is not under 'rootDir' '/Volumes/UserData/Users/chistyakov/Projects/SPbNIX/clinemm/apps/vscode'. 'rootDir' is expected to contain all source files.
  The file is in the program because:
    Imported via "./hook-file-config" from file '/Volumes/UserData/Users/chistyakov/Projects/SPbNIX/clinemm/sdk/packages/core/src/hooks/index.ts'
    Imported via "./hook-file-config" from file '/Volumes/UserData/Users/chistyakov/Projects/SPbNIX/clinemm/sdk/packages/core/src/hooks/hook-file-hooks.ts'
    Imported via "../hooks/hook-file-config" from file '/Volumes/UserData/Users/chistyakov/Projects/SPbNIX/clinemm/sdk/packages/core/src/services/session-telemetry.ts'
sdk/packages/core/src/hooks/index.ts(16,8): error TS6059: File '/Volumes/UserData/Users/chistyakov/Projects/SPbNIX/clinemm/sdk/packages/core/src/hooks/hook-file-hooks.ts' is not under 'rootDir' '/Volumes/UserData/Users/chistyakov/Projects/SPbNIX/clinemm/apps/vscode'. 'rootDir' is expected to contain all source files.
  The file is in the program because:
    Imported via "./hook-file-hooks" from file '/Volumes/UserData/Users/chistyakov/Projects/SPbNIX/clinemm/sdk/packages/core/src/hooks/index.ts'
    Imported via "../hooks/hook-file-hooks" from file '/Volumes/UserData/Users/chistyakov/Projects/SPbNIX/clinemm/sdk/packages/core/src/services/local-runtime-bootstrap.ts'
sdk/packages/core/src/hooks/subprocess.ts(40,8): error TS6059: File '/Volumes/UserData/Users/chistyakov/Projects/SPbNIX/clinemm/sdk/packages/core/src/hooks/subprocess-runner.ts' is not under 'rootDir' '/Volumes/UserData/Users/chistyakov/Projects/SPbNIX/clinemm/apps/vscode'. 'rootDir' is expected to contain all source files.
  The file is in the program because:
    Imported via "./subprocess-runner" from file '/Volumes/UserData/Users/chistyakov/Projects/SPbNIX/clinemm/sdk/packages/core/src/hooks/subprocess.ts'
    Imported via "./subprocess-runner" from file '/Volumes/UserData/Users/chistyakov/Projects/SPbNIX/clinemm/sdk/packages/core/src/hooks/hook-file-hooks.ts'
    Imported via "./subprocess-runner" from file '/Volumes/UserData/Users/chistyakov/Projects/SPbNIX/clinemm/sdk/packages/core/src/hooks/index.ts'
sdk/packages/core/src/hub/client/index.ts(16,41): error TS6059: File '/Volumes/UserData/Users/chistyakov/Projects/SPbNIX/clinemm/sdk/packages/core/src/hub/daemon/index.ts' is not under 'rootDir' '/Volumes/UserData/Users/chistyakov/Projects/SPbNIX/clinemm/apps/vscode'. 'rootDir' is expected to contain all source files.
  The file is in the program because:
    Imported via "../daemon" from file '/Volumes/UserData/Users/chistyakov/Projects/SPbNIX/clinemm/sdk/packages/core/src/hub/client/index.ts'
    Imported via "../../hub/daemon" from file '/Volumes/UserData/Users/chistyakov/Projects/SPbNIX/clinemm/sdk/packages/core/src/runtime/host/host.ts'
    Imported via "./daemon" from file '/Volumes/UserData/Users/chistyakov/Projects/SPbNIX/clinemm/sdk/packages/core/src/hub/index.ts'
    Imported via "../daemon" from file '/Volumes/UserData/Users/chistyakov/Projects/SPbNIX/clinemm/sdk/packages/core/src/hub/server/hub-websocket-server.ts'
sdk/packages/core/src/hub/daemon/index.ts(36,8): error TS6059: File '/Volumes/UserData/Users/chistyakov/Projects/SPbNIX/clinemm/sdk/packages/core/src/hub/discovery/index.ts' is not under 'rootDir' '/Volumes/UserData/Users/chistyakov/Projects/SPbNIX/clinemm/apps/vscode'. 'rootDir' is expected to contain all source files.
  The file is in the program because:
    Imported via "../discovery" from file '/Volumes/UserData/Users/chistyakov/Projects/SPbNIX/clinemm/sdk/packages/core/src/hub/daemon/index.ts'
    Imported via "." from file '/Volumes/UserData/Users/chistyakov/Projects/SPbNIX/clinemm/sdk/packages/core/src/hub/discovery/workspace.ts'
    Imported via "../discovery" from file '/Volumes/UserData/Users/chistyakov/Projects/SPbNIX/clinemm/sdk/packages/core/src/hub/client/index.ts'
    Imported via "../discovery" from file '/Volumes/UserData/Users/chistyakov/Projects/SPbNIX/clinemm/sdk/packages/core/src/hub/client/connect.ts'
    Imported via "../discovery" from file '/Volumes/UserData/Users/chistyakov/Projects/SPbNIX/clinemm/sdk/packages/core/src/hub/client/managed-hub-build-watcher.ts'
    Imported via "../discovery" from file '/Volumes/UserData/Users/chistyakov/Projects/SPbNIX/clinemm/sdk/packages/core/src/hub/server/hub-server-options.ts'
    Imported via "../discovery" from file '/Volumes/UserData/Users/chistyakov/Projects/SPbNIX/clinemm/sdk/packages/core/src/hub/server/hub-websocket-server.ts'
    Imported via "./discovery" from file '/Volumes/UserData/Users/chistyakov/Projects/SPbNIX/clinemm/sdk/packages/core/src/hub/index.ts'
sdk/packages/core/src/hub/daemon/index.ts(40,8): error TS6059: File '/Volumes/UserData/Users/chistyakov/Projects/SPbNIX/clinemm/sdk/packages/core/src/hub/discovery/defaults.ts' is not under 'rootDir' '/Volumes/UserData/Users/chistyakov/Projects/SPbNIX/clinemm/apps/vscode'. 'rootDir' is expected to contain all source files.
  The file is in the program because:
    Imported via "../discovery/defaults" from file '/Volumes/UserData/Users/chistyakov/Projects/SPbNIX/clinemm/sdk/packages/core/src/hub/daemon/index.ts'
    Imported via "../discovery/defaults" from file '/Volumes/UserData/Users/chistyakov/Projects/SPbNIX/clinemm/sdk/packages/core/src/hub/client/connect.ts'
    Imported via "../discovery/defaults" from file '/Volumes/UserData/Users/chistyakov/Projects/SPbNIX/clinemm/sdk/packages/core/src/hub/daemon/start-shared-server.ts'
    Imported via "../discovery/defaults" from file '/Volumes/UserData/Users/chistyakov/Projects/SPbNIX/clinemm/sdk/packages/core/src/hub/server/hub-websocket-server.ts'
    Imported via "./discovery/defaults" from file '/Volumes/UserData/Users/chistyakov/Projects/SPbNIX/clinemm/sdk/packages/core/src/hub/index.ts'
sdk/packages/core/src/hub/daemon/index.ts(44,8): error TS6059: File '/Volumes/UserData/Users/chistyakov/Projects/SPbNIX/clinemm/sdk/packages/core/src/hub/discovery/workspace.ts' is not under 'rootDir' '/Volumes/UserData/Users/chistyakov/Projects/SPbNIX/clinemm/apps/vscode'. 'rootDir' is expected to contain all source files.
  The file is in the program because:
    Imported via "../discovery/workspace" from file '/Volumes/UserData/Users/chistyakov/Projects/SPbNIX/clinemm/sdk/packages/core/src/hub/daemon/index.ts'
    Imported via "../discovery/workspace" from file '/Volumes/UserData/Users/chistyakov/Projects/SPbNIX/clinemm/sdk/packages/core/src/hub/client/index.ts'
    Imported via "../discovery/workspace" from file '/Volumes/UserData/Users/chistyakov/Projects/SPbNIX/clinemm/sdk/packages/core/src/hub/client/connect.ts'
    Imported via "../discovery/workspace" from file '/Volumes/UserData/Users/chistyakov/Projects/SPbNIX/clinemm/sdk/packages/core/src/hub/client/managed-hub-build-watcher.ts'
    Imported via "../discovery/workspace" from file '/Volumes/UserData/Users/chistyakov/Projects/SPbNIX/clinemm/sdk/packages/core/src/hub/daemon/start-shared-server.ts'
    Imported via "./discovery/workspace" from file '/Volumes/UserData/Users/chistyakov/Projects/SPbNIX/clinemm/sdk/packages/core/src/hub/index.ts'
sdk/packages/core/src/hub/daemon/start-shared-server.ts(14,8): error TS6059: File '/Volumes/UserData/Users/chistyakov/Projects/SPbNIX/clinemm/sdk/packages/core/src/hub/server/index.ts' is not under 'rootDir' '/Volumes/UserData/Users/chistyakov/Projects/SPbNIX/clinemm/apps/vscode'. 'rootDir' is expected to contain all source files.
  The file is in the program because:
    Imported via "../server" from file '/Volumes/UserData/Users/chistyakov/Projects/SPbNIX/clinemm/sdk/packages/core/src/hub/daemon/start-shared-server.ts'
    Imported via "./server" from file '/Volumes/UserData/Users/chistyakov/Projects/SPbNIX/clinemm/sdk/packages/core/src/hub/index.ts'
sdk/packages/core/src/hub/discovery/index.ts(10,10): error TS2305: Module '"@cline/shared/storage"' has no exported member 'resolveClineDataDir'.
sdk/packages/core/src/hub/discovery/index.ts(10,31): error TS2305: Module '"@cline/shared/storage"' has no exported member 'resolveClineDir'.
sdk/packages/core/src/hub/index.ts(2,43): error TS6059: File '/Volumes/UserData/Users/chistyakov/Projects/SPbNIX/clinemm/sdk/packages/core/src/cron/service/schedule-command-service.ts' is not under 'rootDir' '/Volumes/UserData/Users/chistyakov/Projects/SPbNIX/clinemm/apps/vscode'. 'rootDir' is expected to contain all source files.
  The file is in the program because:
    Imported via "../cron/service/schedule-command-service" from file '/Volumes/UserData/Users/chistyakov/Projects/SPbNIX/clinemm/sdk/packages/core/src/hub/index.ts'
    Imported via "../../cron/service/schedule-command-service" from file '/Volumes/UserData/Users/chistyakov/Projects/SPbNIX/clinemm/sdk/packages/core/src/hub/server/hub-server-transport.ts'
sdk/packages/core/src/hub/index.ts(11,8): error TS6059: File '/Volumes/UserData/Users/chistyakov/Projects/SPbNIX/clinemm/sdk/packages/core/src/cron/service/schedule-tool.ts' is not under 'rootDir' '/Volumes/UserData/Users/chistyakov/Projects/SPbNIX/clinemm/apps/vscode'. 'rootDir' is expected to contain all source files.
  The file is in the program because:
    Imported via "../cron/service/schedule-tool" from file '/Volumes/UserData/Users/chistyakov/Projects/SPbNIX/clinemm/sdk/packages/core/src/hub/index.ts'
    Imported via "../cron/service/schedule-tool" from file '/Volumes/UserData/Users/chistyakov/Projects/SPbNIX/clinemm/sdk/packages/core/src/tasks/task-tool.ts'
sdk/packages/core/src/hub/index.ts(31,8): error TS6059: File '/Volumes/UserData/Users/chistyakov/Projects/SPbNIX/clinemm/sdk/packages/core/src/services/telemetry/OpenTelemetryProvider.ts' is not under 'rootDir' '/Volumes/UserData/Users/chistyakov/Projects/SPbNIX/clinemm/apps/vscode'. 'rootDir' is expected to contain all source files.
  The file is in the program because:
    Imported via "../services/telemetry/OpenTelemetryProvider" from file '/Volumes/UserData/Users/chistyakov/Projects/SPbNIX/clinemm/sdk/packages/core/src/hub/index.ts'
    Imported via "./OpenTelemetryProvider" from file '/Volumes/UserData/Users/chistyakov/Projects/SPbNIX/clinemm/sdk/packages/core/src/services/telemetry/index.ts'
    Imported via "../services/telemetry/OpenTelemetryProvider" from file '/Volumes/UserData/Users/chistyakov/Projects/SPbNIX/clinemm/sdk/packages/core/src/remote-config/integration.ts'
    Imported via "./services/telemetry/OpenTelemetryProvider" from file '/Volumes/UserData/Users/chistyakov/Projects/SPbNIX/clinemm/sdk/packages/core/src/index.ts'
sdk/packages/core/src/hub/index.ts(41,8): error TS6059: File '/Volumes/UserData/Users/chistyakov/Projects/SPbNIX/clinemm/sdk/packages/core/src/tasks/task-tool.ts' is not under 'rootDir' '/Volumes/UserData/Users/chistyakov/Projects/SPbNIX/clinemm/apps/vscode'. 'rootDir' is expected to contain all source files.
  The file is in the program because:
    Imported via "../tasks/task-tool" from file '/Volumes/UserData/Users/chistyakov/Projects/SPbNIX/clinemm/sdk/packages/core/src/hub/index.ts'
    Imported via "./task-tool" from file '/Volumes/UserData/Users/chistyakov/Projects/SPbNIX/clinemm/sdk/packages/core/src/tasks/index.ts'
    Imported via "../../../tasks/task-tool" from file '/Volumes/UserData/Users/chistyakov/Projects/SPbNIX/clinemm/sdk/packages/core/src/hub/server/handlers/session-handlers.ts'
sdk/packages/core/src/hub/index.ts(43,15): error TS6059: File '/Volumes/UserData/Users/chistyakov/Projects/SPbNIX/clinemm/sdk/packages/core/src/hub/client/connect.ts' is not under 'rootDir' '/Volumes/UserData/Users/chistyakov/Projects/SPbNIX/clinemm/apps/vscode'. 'rootDir' is expected to contain all source files.
sdk/packages/core/src/hub/index.ts(44,15): error TS6059: File '/Volumes/UserData/Users/chistyakov/Projects/SPbNIX/clinemm/sdk/packages/core/src/hub/client/managed-hub-build-watcher.ts' is not under 'rootDir' '/Volumes/UserData/Users/chistyakov/Projects/SPbNIX/clinemm/apps/vscode'. 'rootDir' is expected to contain all source files.
sdk/packages/core/src/hub/index.ts(45,15): error TS6059: File '/Volumes/UserData/Users/chistyakov/Projects/SPbNIX/clinemm/sdk/packages/core/src/hub/client/session-client.ts' is not under 'rootDir' '/Volumes/UserData/Users/chistyakov/Projects/SPbNIX/clinemm/apps/vscode'. 'rootDir' is expected to contain all source files.
sdk/packages/core/src/hub/index.ts(46,15): error TS6059: File '/Volumes/UserData/Users/chistyakov/Projects/SPbNIX/clinemm/sdk/packages/core/src/hub/client/ui-client.ts' is not under 'rootDir' '/Volumes/UserData/Users/chistyakov/Projects/SPbNIX/clinemm/apps/vscode'. 'rootDir' is expected to contain all source files.
sdk/packages/core/src/hub/index.ts(48,15): error TS6059: File '/Volumes/UserData/Users/chistyakov/Projects/SPbNIX/clinemm/sdk/packages/core/src/hub/daemon/runtime-handlers.ts' is not under 'rootDir' '/Volumes/UserData/Users/chistyakov/Projects/SPbNIX/clinemm/apps/vscode'. 'rootDir' is expected to contain all source files.
sdk/packages/core/src/hub/index.ts(49,15): error TS6059: File '/Volumes/UserData/Users/chistyakov/Projects/SPbNIX/clinemm/sdk/packages/core/src/hub/daemon/start-shared-server.ts' is not under 'rootDir' '/Volumes/UserData/Users/chistyakov/Projects/SPbNIX/clinemm/apps/vscode'. 'rootDir' is expected to contain all source files.
sdk/packages/core/src/hub/runtime-host/hub-runtime-host.ts(47,37): error TS6059: File '/Volumes/UserData/Users/chistyakov/Projects/SPbNIX/clinemm/sdk/packages/core/src/runtime/host/runtime-host-support.ts' is not under 'rootDir' '/Volumes/UserData/Users/chistyakov/Projects/SPbNIX/clinemm/apps/vscode'. 'rootDir' is expected to contain all source files.
  The file is in the program because:
    Imported via "../../runtime/host/runtime-host-support" from file '/Volumes/UserData/Users/chistyakov/Projects/SPbNIX/clinemm/sdk/packages/core/src/hub/runtime-host/hub-runtime-host.ts'
    Imported via "./runtime-host-support" from file '/Volumes/UserData/Users/chistyakov/Projects/SPbNIX/clinemm/sdk/packages/core/src/runtime/host/local-runtime-host.ts'
    Imported via "./runtime-host-support" from file '/Volumes/UserData/Users/chistyakov/Projects/SPbNIX/clinemm/sdk/packages/core/src/runtime/host/history.ts'
    Imported via "../../runtime/host/runtime-host-support" from file '/Volumes/UserData/Users/chistyakov/Projects/SPbNIX/clinemm/sdk/packages/core/src/hub/server/hub-notifications.ts'
sdk/packages/core/src/hub/runtime-host/hub-runtime-host.ts(66,8): error TS6059: File '/Volumes/UserData/Users/chistyakov/Projects/SPbNIX/clinemm/sdk/packages/core/src/settings/index.ts' is not under 'rootDir' '/Volumes/UserData/Users/chistyakov/Projects/SPbNIX/clinemm/apps/vscode'. 'rootDir' is expected to contain all source files.
  The file is in the program because:
    Imported via "../../settings" from file '/Volumes/UserData/Users/chistyakov/Projects/SPbNIX/clinemm/sdk/packages/core/src/hub/runtime-host/hub-runtime-host.ts'
    Imported via "../settings" from file '/Volumes/UserData/Users/chistyakov/Projects/SPbNIX/clinemm/sdk/packages/core/src/cline-core/types.ts'
    Imported via "../settings" from file '/Volumes/UserData/Users/chistyakov/Projects/SPbNIX/clinemm/sdk/packages/core/src/cline-core/runtime-services.ts'
    Imported via "../../settings" from file '/Volumes/UserData/Users/chistyakov/Projects/SPbNIX/clinemm/sdk/packages/core/src/hub/client/ui-client.ts'
    Imported via "../../settings" from file '/Volumes/UserData/Users/chistyakov/Projects/SPbNIX/clinemm/sdk/packages/core/src/hub/server/hub-server-options.ts'
    Imported via "../../settings" from file '/Volumes/UserData/Users/chistyakov/Projects/SPbNIX/clinemm/sdk/packages/core/src/hub/server/hub-server-transport.ts'
    Imported via "./settings" from file '/Volumes/UserData/Users/chistyakov/Projects/SPbNIX/clinemm/sdk/packages/core/src/index.ts'
    Imported via "./settings" from file '/Volumes/UserData/Users/chistyakov/Projects/SPbNIX/clinemm/sdk/packages/core/src/index.ts'
sdk/packages/core/src/hub/server/handlers/approval-handlers.ts(8,63): error TS6059: File '/Volumes/UserData/Users/chistyakov/Projects/SPbNIX/clinemm/sdk/packages/core/src/hub/server/handlers/context.ts' is not under 'rootDir' '/Volumes/UserData/Users/chistyakov/Projects/SPbNIX/clinemm/apps/vscode'. 'rootDir' is expected to contain all source files.
  The file is in the program because:
    Imported via "./context" from file '/Volumes/UserData/Users/chistyakov/Projects/SPbNIX/clinemm/sdk/packages/core/src/hub/server/handlers/approval-handlers.ts'
    Imported via "./context" from file '/Volumes/UserData/Users/chistyakov/Projects/SPbNIX/clinemm/sdk/packages/core/src/hub/server/handlers/capability-handlers.ts'
    Imported via "./context" from file '/Volumes/UserData/Users/chistyakov/Projects/SPbNIX/clinemm/sdk/packages/core/src/hub/server/handlers/client-handlers.ts'
    Imported via "./context" from file '/Volumes/UserData/Users/chistyakov/Projects/SPbNIX/clinemm/sdk/packages/core/src/hub/server/handlers/connector-handlers.ts'
    Imported via "./handlers/context" from file '/Volumes/UserData/Users/chistyakov/Projects/SPbNIX/clinemm/sdk/packages/core/src/hub/server/hub-server-transport.ts'
    Imported via "./context" from file '/Volumes/UserData/Users/chistyakov/Projects/SPbNIX/clinemm/sdk/packages/core/src/hub/server/handlers/run-handlers.ts'
    Imported via "./context" from file '/Volumes/UserData/Users/chistyakov/Projects/SPbNIX/clinemm/sdk/packages/core/src/hub/server/handlers/run-queue-handlers.ts'
    Imported via "./context" from file '/Volumes/UserData/Users/chistyakov/Projects/SPbNIX/clinemm/sdk/packages/core/src/hub/server/handlers/session-event-projector.ts'
    Imported via "./context" from file '/Volumes/UserData/Users/chistyakov/Projects/SPbNIX/clinemm/sdk/packages/core/src/hub/server/handlers/session-handlers.ts'
    Imported via "./handlers/context" from file '/Volumes/UserData/Users/chistyakov/Projects/SPbNIX/clinemm/sdk/packages/core/src/hub/server/task-command-service.ts'
sdk/packages/core/src/hub/server/handlers/capability-handlers.ts(3,31): error TS6059: File '/Volumes/UserData/Users/chistyakov/Projects/SPbNIX/clinemm/sdk/packages/core/src/hub/server/hub-server-logging.ts' is not under 'rootDir' '/Volumes/UserData/Users/chistyakov/Projects/SPbNIX/clinemm/apps/vscode'. 'rootDir' is expected to contain all source files.
  The file is in the program because:
    Imported via "../hub-server-logging" from file '/Volumes/UserData/Users/chistyakov/Projects/SPbNIX/clinemm/sdk/packages/core/src/hub/server/handlers/capability-handlers.ts'
    Imported via "../hub-server-logging" from file '/Volumes/UserData/Users/chistyakov/Projects/SPbNIX/clinemm/sdk/packages/core/src/hub/server/handlers/run-handlers.ts'
    Imported via "../hub-server-logging" from file '/Volumes/UserData/Users/chistyakov/Projects/SPbNIX/clinemm/sdk/packages/core/src/hub/server/handlers/run-queue-handlers.ts'
    Imported via "../hub-server-logging" from file '/Volumes/UserData/Users/chistyakov/Projects/SPbNIX/clinemm/sdk/packages/core/src/hub/server/handlers/session-handlers.ts'
    Imported via "./hub-server-logging" from file '/Volumes/UserData/Users/chistyakov/Projects/SPbNIX/clinemm/sdk/packages/core/src/hub/server/hub-server-transport.ts'
    Imported via "./hub-server-logging" from file '/Volumes/UserData/Users/chistyakov/Projects/SPbNIX/clinemm/sdk/packages/core/src/hub/server/browser-websocket.ts'
    Imported via "./hub-server-logging" from file '/Volumes/UserData/Users/chistyakov/Projects/SPbNIX/clinemm/sdk/packages/core/src/hub/server/hub-websocket-server.ts'
sdk/packages/core/src/hub/server/handlers/connector-handlers.ts(18,38): error TS6059: File '/Volumes/UserData/Users/chistyakov/Projects/SPbNIX/clinemm/sdk/packages/core/src/services/connectors/active-connectors.ts' is not under 'rootDir' '/Volumes/UserData/Users/chistyakov/Projects/SPbNIX/clinemm/apps/vscode'. 'rootDir' is expected to contain all source files.
  The file is in the program because:
    Imported via "../../../services/connectors/active-connectors" from file '/Volumes/UserData/Users/chistyakov/Projects/SPbNIX/clinemm/sdk/packages/core/src/hub/server/handlers/connector-handlers.ts'
    Imported via "./active-connectors" from file '/Volumes/UserData/Users/chistyakov/Projects/SPbNIX/clinemm/sdk/packages/core/src/services/connectors/connector-supervisor.ts'
    Imported via "./services/connectors/active-connectors" from file '/Volumes/UserData/Users/chistyakov/Projects/SPbNIX/clinemm/sdk/packages/core/src/index.ts'
sdk/packages/core/src/hub/server/handlers/connector-handlers.ts(19,46): error TS6059: File '/Volumes/UserData/Users/chistyakov/Projects/SPbNIX/clinemm/sdk/packages/core/src/services/connectors/connector-supervisor.ts' is not under 'rootDir' '/Volumes/UserData/Users/chistyakov/Projects/SPbNIX/clinemm/apps/vscode'. 'rootDir' is expected to contain all source files.
  The file is in the program because:
    Imported via "../../../services/connectors/connector-supervisor" from file '/Volumes/UserData/Users/chistyakov/Projects/SPbNIX/clinemm/sdk/packages/core/src/hub/server/handlers/connector-handlers.ts'
    Imported via "./services/connectors/connector-supervisor" from file '/Volumes/UserData/Users/chistyakov/Projects/SPbNIX/clinemm/sdk/packages/core/src/index.ts'
sdk/packages/core/src/hub/server/handlers/context.ts(29,8): error TS6059: File '/Volumes/UserData/Users/chistyakov/Projects/SPbNIX/clinemm/sdk/packages/core/src/hub/server/hub-session-records.ts' is not under 'rootDir' '/Volumes/UserData/Users/chistyakov/Projects/SPbNIX/clinemm/apps/vscode'. 'rootDir' is expected to contain all source files.
  The file is in the program because:
    Imported via "../hub-session-records" from file '/Volumes/UserData/Users/chistyakov/Projects/SPbNIX/clinemm/sdk/packages/core/src/hub/server/handlers/context.ts'
    Imported via "../hub-session-records" from file '/Volumes/UserData/Users/chistyakov/Projects/SPbNIX/clinemm/sdk/packages/core/src/hub/server/handlers/session-handlers.ts'
    Imported via "./hub-session-records" from file '/Volumes/UserData/Users/chistyakov/Projects/SPbNIX/clinemm/sdk/packages/core/src/hub/server/hub-server-transport.ts'
sdk/packages/core/src/hub/server/handlers/session-handlers.ts(31,8): error TS6059: File '/Volumes/UserData/Users/chistyakov/Projects/SPbNIX/clinemm/sdk/packages/core/src/hub/server/hub-client-contributions.ts' is not under 'rootDir' '/Volumes/UserData/Users/chistyakov/Projects/SPbNIX/clinemm/apps/vscode'. 'rootDir' is expected to contain all source files.
sdk/packages/core/src/hub/server/hub-event-log.ts(19,10): error TS2305: Module '"@cline/shared/storage"' has no exported member 'resolveDbDataDir'.
sdk/packages/core/src/hub/server/hub-run-queue.ts(20,10): error TS2305: Module '"@cline/shared/storage"' has no exported member 'resolveDbDataDir'.
sdk/packages/core/src/hub/server/hub-server-options.ts(12,50): error TS6059: File '/Volumes/UserData/Users/chistyakov/Projects/SPbNIX/clinemm/sdk/packages/core/src/session/search/index.ts' is not under 'rootDir' '/Volumes/UserData/Users/chistyakov/Projects/SPbNIX/clinemm/apps/vscode'. 'rootDir' is expected to contain all source files.
  The file is in the program because:
    Imported via "../../session/search" from file '/Volumes/UserData/Users/chistyakov/Projects/SPbNIX/clinemm/sdk/packages/core/src/hub/server/hub-server-options.ts'
    Imported via "../../session/search" from file '/Volumes/UserData/Users/chistyakov/Projects/SPbNIX/clinemm/sdk/packages/core/src/hub/server/hub-server-transport.ts'
    Imported via "../../../session/search" from file '/Volumes/UserData/Users/chistyakov/Projects/SPbNIX/clinemm/sdk/packages/core/src/hub/server/handlers/context.ts'
    Imported via "./session/search" from file '/Volumes/UserData/Users/chistyakov/Projects/SPbNIX/clinemm/sdk/packages/core/src/index.ts'
sdk/packages/core/src/hub/server/hub-server-options.ts(14,47): error TS6059: File '/Volumes/UserData/Users/chistyakov/Projects/SPbNIX/clinemm/sdk/packages/core/src/tasks/index.ts' is not under 'rootDir' '/Volumes/UserData/Users/chistyakov/Projects/SPbNIX/clinemm/apps/vscode'. 'rootDir' is expected to contain all source files.
  The file is in the program because:
    Imported via "../../tasks" from file '/Volumes/UserData/Users/chistyakov/Projects/SPbNIX/clinemm/sdk/packages/core/src/hub/server/hub-server-options.ts'
    Imported via "../../tasks" from file '/Volumes/UserData/Users/chistyakov/Projects/SPbNIX/clinemm/sdk/packages/core/src/hub/server/hub-server-transport.ts'
    Imported via "./tasks" from file '/Volumes/UserData/Users/chistyakov/Projects/SPbNIX/clinemm/sdk/packages/core/src/index.ts'
sdk/packages/core/src/hub/server/hub-server-options.ts(16,41): error TS6059: File '/Volumes/UserData/Users/chistyakov/Projects/SPbNIX/clinemm/sdk/packages/core/src/hub/server/hub-event-log.ts' is not under 'rootDir' '/Volumes/UserData/Users/chistyakov/Projects/SPbNIX/clinemm/apps/vscode'. 'rootDir' is expected to contain all source files.
  The file is in the program because:
    Imported via "./hub-event-log" from file '/Volumes/UserData/Users/chistyakov/Projects/SPbNIX/clinemm/sdk/packages/core/src/hub/server/hub-server-options.ts'
    Imported via "./hub-event-log" from file '/Volumes/UserData/Users/chistyakov/Projects/SPbNIX/clinemm/sdk/packages/core/src/hub/server/hub-server-transport.ts'
    Imported via "./server/hub-event-log" from file '/Volumes/UserData/Users/chistyakov/Projects/SPbNIX/clinemm/sdk/packages/core/src/hub/index.ts'
sdk/packages/core/src/hub/server/hub-server-options.ts(17,41): error TS6059: File '/Volumes/UserData/Users/chistyakov/Projects/SPbNIX/clinemm/sdk/packages/core/src/hub/server/hub-run-queue.ts' is not under 'rootDir' '/Volumes/UserData/Users/chistyakov/Projects/SPbNIX/clinemm/apps/vscode'. 'rootDir' is expected to contain all source files.
  The file is in the program because:
    Imported via "./hub-run-queue" from file '/Volumes/UserData/Users/chistyakov/Projects/SPbNIX/clinemm/sdk/packages/core/src/hub/server/hub-server-options.ts'
    Imported via "../hub-run-queue" from file '/Volumes/UserData/Users/chistyakov/Projects/SPbNIX/clinemm/sdk/packages/core/src/hub/server/handlers/run-queue-handlers.ts'
    Imported via "./hub-run-queue" from file '/Volumes/UserData/Users/chistyakov/Projects/SPbNIX/clinemm/sdk/packages/core/src/hub/server/hub-server-transport.ts'
    Imported via "./server/hub-run-queue" from file '/Volumes/UserData/Users/chistyakov/Projects/SPbNIX/clinemm/sdk/packages/core/src/hub/index.ts'
sdk/packages/core/src/hub/server/hub-server-transport.ts(19,10): error TS2305: Module '"@cline/shared/storage"' has no exported member 'isChatWorkspacePath'.
sdk/packages/core/src/hub/server/hub-server-transport.ts(54,8): error TS6059: File '/Volumes/UserData/Users/chistyakov/Projects/SPbNIX/clinemm/sdk/packages/core/src/hub/server/handlers/approval-handlers.ts' is not under 'rootDir' '/Volumes/UserData/Users/chistyakov/Projects/SPbNIX/clinemm/apps/vscode'. 'rootDir' is expected to contain all source files.
  The file is in the program because:
    Imported via "./handlers/approval-handlers" from file '/Volumes/UserData/Users/chistyakov/Projects/SPbNIX/clinemm/sdk/packages/core/src/hub/server/hub-server-transport.ts'
    Imported via "./approval-handlers" from file '/Volumes/UserData/Users/chistyakov/Projects/SPbNIX/clinemm/sdk/packages/core/src/hub/server/handlers/run-handlers.ts'
sdk/packages/core/src/hub/server/hub-server-transport.ts(61,8): error TS6059: File '/Volumes/UserData/Users/chistyakov/Projects/SPbNIX/clinemm/sdk/packages/core/src/hub/server/handlers/capability-handlers.ts' is not under 'rootDir' '/Volumes/UserData/Users/chistyakov/Projects/SPbNIX/clinemm/apps/vscode'. 'rootDir' is expected to contain all source files.
  The file is in the program because:
    Imported via "./handlers/capability-handlers" from file '/Volumes/UserData/Users/chistyakov/Projects/SPbNIX/clinemm/sdk/packages/core/src/hub/server/hub-server-transport.ts'
    Imported via "./capability-handlers" from file '/Volumes/UserData/Users/chistyakov/Projects/SPbNIX/clinemm/sdk/packages/core/src/hub/server/handlers/run-handlers.ts'
    Imported via "./capability-handlers" from file '/Volumes/UserData/Users/chistyakov/Projects/SPbNIX/clinemm/sdk/packages/core/src/hub/server/handlers/session-handlers.ts'
sdk/packages/core/src/hub/server/hub-server-transport.ts(67,8): error TS6059: File '/Volumes/UserData/Users/chistyakov/Projects/SPbNIX/clinemm/sdk/packages/core/src/hub/server/handlers/client-handlers.ts' is not under 'rootDir' '/Volumes/UserData/Users/chistyakov/Projects/SPbNIX/clinemm/apps/vscode'. 'rootDir' is expected to contain all source files.
sdk/packages/core/src/hub/server/hub-server-transport.ts(68,40): error TS6059: File '/Volumes/UserData/Users/chistyakov/Projects/SPbNIX/clinemm/sdk/packages/core/src/hub/server/handlers/connector-handlers.ts' is not under 'rootDir' '/Volumes/UserData/Users/chistyakov/Projects/SPbNIX/clinemm/apps/vscode'. 'rootDir' is expected to contain all source files.
sdk/packages/core/src/hub/server/hub-server-transport.ts(81,8): error TS6059: File '/Volumes/UserData/Users/chistyakov/Projects/SPbNIX/clinemm/sdk/packages/core/src/hub/server/handlers/run-handlers.ts' is not under 'rootDir' '/Volumes/UserData/Users/chistyakov/Projects/SPbNIX/clinemm/apps/vscode'. 'rootDir' is expected to contain all source files.
  The file is in the program because:
    Imported via "./handlers/run-handlers" from file '/Volumes/UserData/Users/chistyakov/Projects/SPbNIX/clinemm/sdk/packages/core/src/hub/server/hub-server-transport.ts'
    Imported via "./run-handlers" from file '/Volumes/UserData/Users/chistyakov/Projects/SPbNIX/clinemm/sdk/packages/core/src/hub/server/handlers/run-queue-handlers.ts'
sdk/packages/core/src/hub/server/hub-server-transport.ts(88,8): error TS6059: File '/Volumes/UserData/Users/chistyakov/Projects/SPbNIX/clinemm/sdk/packages/core/src/hub/server/handlers/run-queue-handlers.ts' is not under 'rootDir' '/Volumes/UserData/Users/chistyakov/Projects/SPbNIX/clinemm/apps/vscode'. 'rootDir' is expected to contain all source files.
sdk/packages/core/src/hub/server/hub-server-transport.ts(89,37): error TS6059: File '/Volumes/UserData/Users/chistyakov/Projects/SPbNIX/clinemm/sdk/packages/core/src/hub/server/handlers/session-event-projector.ts' is not under 'rootDir' '/Volumes/UserData/Users/chistyakov/Projects/SPbNIX/clinemm/apps/vscode'. 'rootDir' is expected to contain all source files.
sdk/packages/core/src/hub/server/hub-server-transport.ts(107,8): error TS6059: File '/Volumes/UserData/Users/chistyakov/Projects/SPbNIX/clinemm/sdk/packages/core/src/hub/server/handlers/session-handlers.ts' is not under 'rootDir' '/Volumes/UserData/Users/chistyakov/Projects/SPbNIX/clinemm/apps/vscode'. 'rootDir' is expected to contain all source files.
sdk/packages/core/src/hub/server/hub-server-transport.ts(110,45): error TS6059: File '/Volumes/UserData/Users/chistyakov/Projects/SPbNIX/clinemm/sdk/packages/core/src/hub/server/hub-schedule-events.ts' is not under 'rootDir' '/Volumes/UserData/Users/chistyakov/Projects/SPbNIX/clinemm/apps/vscode'. 'rootDir' is expected to contain all source files.
sdk/packages/core/src/hub/server/hub-server-transport.ts(114,41): error TS6059: File '/Volumes/UserData/Users/chistyakov/Projects/SPbNIX/clinemm/sdk/packages/core/src/hub/server/native-transport.ts' is not under 'rootDir' '/Volumes/UserData/Users/chistyakov/Projects/SPbNIX/clinemm/apps/vscode'. 'rootDir' is expected to contain all source files.
  The file is in the program because:
    Imported via "./native-transport" from file '/Volumes/UserData/Users/chistyakov/Projects/SPbNIX/clinemm/sdk/packages/core/src/hub/server/hub-server-transport.ts'
    Imported via "./native-transport" from file '/Volumes/UserData/Users/chistyakov/Projects/SPbNIX/clinemm/sdk/packages/core/src/hub/server/hub-websocket-server.ts'
    Imported via "./server/native-transport" from file '/Volumes/UserData/Users/chistyakov/Projects/SPbNIX/clinemm/sdk/packages/core/src/hub/index.ts'
sdk/packages/core/src/hub/server/hub-server-transport.ts(118,8): error TS6059: File '/Volumes/UserData/Users/chistyakov/Projects/SPbNIX/clinemm/sdk/packages/core/src/hub/server/task-command-service.ts' is not under 'rootDir' '/Volumes/UserData/Users/chistyakov/Projects/SPbNIX/clinemm/apps/vscode'. 'rootDir' is expected to contain all source files.
sdk/packages/core/src/hub/server/hub-websocket-server.ts(10,10): error TS2614: Module '"ws"' has no exported member 'WebSocketServer'. Did you mean to use 'import WebSocketServer from "ws"' instead?
sdk/packages/core/src/hub/server/hub-websocket-server.ts(34,8): error TS6059: File '/Volumes/UserData/Users/chistyakov/Projects/SPbNIX/clinemm/sdk/packages/core/src/hub/discovery/instance-lock.ts' is not under 'rootDir' '/Volumes/UserData/Users/chistyakov/Projects/SPbNIX/clinemm/apps/vscode'. 'rootDir' is expected to contain all source files.
  The file is in the program because:
    Imported via "../discovery/instance-lock" from file '/Volumes/UserData/Users/chistyakov/Projects/SPbNIX/clinemm/sdk/packages/core/src/hub/server/hub-websocket-server.ts'
    Imported via "./discovery/instance-lock" from file '/Volumes/UserData/Users/chistyakov/Projects/SPbNIX/clinemm/sdk/packages/core/src/hub/index.ts'
sdk/packages/core/src/hub/server/hub-websocket-server.ts(35,44): error TS6059: File '/Volumes/UserData/Users/chistyakov/Projects/SPbNIX/clinemm/sdk/packages/core/src/hub/server/browser-websocket.ts' is not under 'rootDir' '/Volumes/UserData/Users/chistyakov/Projects/SPbNIX/clinemm/apps/vscode'. 'rootDir' is expected to contain all source files.
  The file is in the program because:
    Imported via "./browser-websocket" from file '/Volumes/UserData/Users/chistyakov/Projects/SPbNIX/clinemm/sdk/packages/core/src/hub/server/hub-websocket-server.ts'
    Imported via "./server/browser-websocket" from file '/Volumes/UserData/Users/chistyakov/Projects/SPbNIX/clinemm/sdk/packages/core/src/hub/index.ts'
sdk/packages/core/src/hub/server/index.ts(1,42): error TS6059: File '/Volumes/UserData/Users/chistyakov/Projects/SPbNIX/clinemm/sdk/packages/core/src/hub/server/hub-notifications.ts' is not under 'rootDir' '/Volumes/UserData/Users/chistyakov/Projects/SPbNIX/clinemm/apps/vscode'. 'rootDir' is expected to contain all source files.
  The file is in the program because:
    Imported via "./hub-notifications" from file '/Volumes/UserData/Users/chistyakov/Projects/SPbNIX/clinemm/sdk/packages/core/src/hub/server/index.ts'
    Imported via "../hub-notifications" from file '/Volumes/UserData/Users/chistyakov/Projects/SPbNIX/clinemm/sdk/packages/core/src/hub/server/handlers/session-event-projector.ts'
    Imported via "./hub-notifications" from file '/Volumes/UserData/Users/chistyakov/Projects/SPbNIX/clinemm/sdk/packages/core/src/hub/server/hub-websocket-server.ts'
sdk/packages/core/src/hub/server/index.ts(2,15): error TS6059: File '/Volumes/UserData/Users/chistyakov/Projects/SPbNIX/clinemm/sdk/packages/core/src/hub/server/hub-server-options.ts' is not under 'rootDir' '/Volumes/UserData/Users/chistyakov/Projects/SPbNIX/clinemm/apps/vscode'. 'rootDir' is expected to contain all source files.
  The file is in the program because:
    Imported via "./hub-server-options" from file '/Volumes/UserData/Users/chistyakov/Projects/SPbNIX/clinemm/sdk/packages/core/src/hub/server/index.ts'
    Imported via "./hub-server-options" from file '/Volumes/UserData/Users/chistyakov/Projects/SPbNIX/clinemm/sdk/packages/core/src/hub/server/hub-server-transport.ts'
    Imported via "./hub-server-options" from file '/Volumes/UserData/Users/chistyakov/Projects/SPbNIX/clinemm/sdk/packages/core/src/hub/server/hub-websocket-server.ts'
    Imported via "./hub-server-options" from file '/Volumes/UserData/Users/chistyakov/Projects/SPbNIX/clinemm/sdk/packages/core/src/hub/server/hub-websocket-server.ts'
sdk/packages/core/src/hub/server/index.ts(3,15): error TS6059: File '/Volumes/UserData/Users/chistyakov/Projects/SPbNIX/clinemm/sdk/packages/core/src/hub/server/hub-server-transport.ts' is not under 'rootDir' '/Volumes/UserData/Users/chistyakov/Projects/SPbNIX/clinemm/apps/vscode'. 'rootDir' is expected to contain all source files.
  The file is in the program because:
    Imported via "./hub-server-transport" from file '/Volumes/UserData/Users/chistyakov/Projects/SPbNIX/clinemm/sdk/packages/core/src/hub/server/index.ts'
    Imported via "./hub-server-transport" from file '/Volumes/UserData/Users/chistyakov/Projects/SPbNIX/clinemm/sdk/packages/core/src/hub/server/hub-websocket-server.ts'
    Imported via "./hub-server-transport" from file '/Volumes/UserData/Users/chistyakov/Projects/SPbNIX/clinemm/sdk/packages/core/src/hub/server/hub-websocket-server.ts'
sdk/packages/core/src/hub/server/index.ts(4,15): error TS6059: File '/Volumes/UserData/Users/chistyakov/Projects/SPbNIX/clinemm/sdk/packages/core/src/hub/server/hub-websocket-server.ts' is not under 'rootDir' '/Volumes/UserData/Users/chistyakov/Projects/SPbNIX/clinemm/apps/vscode'. 'rootDir' is expected to contain all source files.
sdk/packages/core/src/index.ts(145,8): error TS6059: File '/Volumes/UserData/Users/chistyakov/Projects/SPbNIX/clinemm/sdk/packages/core/src/account/index.ts' is not under 'rootDir' '/Volumes/UserData/Users/chistyakov/Projects/SPbNIX/clinemm/apps/vscode'. 'rootDir' is expected to contain all source files.
sdk/packages/core/src/index.ts(149,8): error TS6059: File '/Volumes/UserData/Users/chistyakov/Projects/SPbNIX/clinemm/sdk/packages/core/src/auth/client.ts' is not under 'rootDir' '/Volumes/UserData/Users/chistyakov/Projects/SPbNIX/clinemm/apps/vscode'. 'rootDir' is expected to contain all source files.
  The file is in the program because:
    Imported via "./auth/client" from file '/Volumes/UserData/Users/chistyakov/Projects/SPbNIX/clinemm/sdk/packages/core/src/index.ts'
    Imported via "../../auth/client" from file '/Volumes/UserData/Users/chistyakov/Projects/SPbNIX/clinemm/sdk/packages/core/src/services/providers/local-provider-service.ts'
sdk/packages/core/src/index.ts(156,8): error TS6059: File '/Volumes/UserData/Users/chistyakov/Projects/SPbNIX/clinemm/sdk/packages/core/src/auth/cline.ts' is not under 'rootDir' '/Volumes/UserData/Users/chistyakov/Projects/SPbNIX/clinemm/apps/vscode'. 'rootDir' is expected to contain all source files.
  The file is in the program because:
    Imported via "./auth/cline" from file '/Volumes/UserData/Users/chistyakov/Projects/SPbNIX/clinemm/sdk/packages/core/src/index.ts'
    Imported via "./cline" from file '/Volumes/UserData/Users/chistyakov/Projects/SPbNIX/clinemm/sdk/packages/core/src/auth/provider-auth-registry.ts'
sdk/packages/core/src/index.ts(161,8): error TS6059: File '/Volumes/UserData/Users/chistyakov/Projects/SPbNIX/clinemm/sdk/packages/core/src/auth/codex.ts' is not under 'rootDir' '/Volumes/UserData/Users/chistyakov/Projects/SPbNIX/clinemm/apps/vscode'. 'rootDir' is expected to contain all source files.
  The file is in the program because:
    Imported via "./auth/codex" from file '/Volumes/UserData/Users/chistyakov/Projects/SPbNIX/clinemm/sdk/packages/core/src/index.ts'
    Imported via "./codex" from file '/Volumes/UserData/Users/chistyakov/Projects/SPbNIX/clinemm/sdk/packages/core/src/auth/provider-auth-registry.ts'
sdk/packages/core/src/index.ts(203,27): error TS6059: File '/Volumes/UserData/Users/chistyakov/Projects/SPbNIX/clinemm/sdk/packages/core/src/ClineCore.ts' is not under 'rootDir' '/Volumes/UserData/Users/chistyakov/Projects/SPbNIX/clinemm/apps/vscode'. 'rootDir' is expected to contain all source files.
  The file is in the program because:
    Imported via "./ClineCore" from file '/Volumes/UserData/Users/chistyakov/Projects/SPbNIX/clinemm/sdk/packages/core/src/index.ts'
    Imported via "./ClineCore" from file '/Volumes/UserData/Users/chistyakov/Projects/SPbNIX/clinemm/sdk/packages/core/src/types.ts'
sdk/packages/core/src/index.ts(234,8): error TS6059: File '/Volumes/UserData/Users/chistyakov/Projects/SPbNIX/clinemm/sdk/packages/core/src/extensions/index.ts' is not under 'rootDir' '/Volumes/UserData/Users/chistyakov/Projects/SPbNIX/clinemm/apps/vscode'. 'rootDir' is expected to contain all source files.
  The file is in the program because:
    Imported via "./extensions" from file '/Volumes/UserData/Users/chistyakov/Projects/SPbNIX/clinemm/sdk/packages/core/src/index.ts'
    Imported via "./extensions" from file '/Volumes/UserData/Users/chistyakov/Projects/SPbNIX/clinemm/sdk/packages/core/src/index.ts'
    Imported via "./extensions" from file '/Volumes/UserData/Users/chistyakov/Projects/SPbNIX/clinemm/sdk/packages/core/src/types.ts'
    Imported via "./extensions" from file '/Volumes/UserData/Users/chistyakov/Projects/SPbNIX/clinemm/sdk/packages/core/src/types.ts'
sdk/packages/core/src/index.ts(421,15): error TS6059: File '/Volumes/UserData/Users/chistyakov/Projects/SPbNIX/clinemm/sdk/packages/core/src/hub/index.ts' is not under 'rootDir' '/Volumes/UserData/Users/chistyakov/Projects/SPbNIX/clinemm/apps/vscode'. 'rootDir' is expected to contain all source files.
sdk/packages/core/src/index.ts(438,8): error TS6059: File '/Volumes/UserData/Users/chistyakov/Projects/SPbNIX/clinemm/sdk/packages/core/src/remote-config/integration.ts' is not under 'rootDir' '/Volumes/UserData/Users/chistyakov/Projects/SPbNIX/clinemm/apps/vscode'. 'rootDir' is expected to contain all source files.
sdk/packages/core/src/index.ts(468,8): error TS6059: File '/Volumes/UserData/Users/chistyakov/Projects/SPbNIX/clinemm/sdk/packages/core/src/runtime/command-policy/index.ts' is not under 'rootDir' '/Volumes/UserData/Users/chistyakov/Projects/SPbNIX/clinemm/apps/vscode'. 'rootDir' is expected to contain all source files.
  The file is in the program because:
    Imported via "./runtime/command-policy" from file '/Volumes/UserData/Users/chistyakov/Projects/SPbNIX/clinemm/sdk/packages/core/src/index.ts'
    Imported via "../../../../sdk/packages/core/src/runtime/command-policy" from file '/Volumes/UserData/Users/chistyakov/Projects/SPbNIX/clinemm/apps/vscode/src/test/cline-core-vitest-stub.ts'
sdk/packages/core/src/index.ts(583,8): error TS6059: File '/Volumes/UserData/Users/chistyakov/Projects/SPbNIX/clinemm/sdk/packages/core/src/runtime/tools/tool-approval.ts' is not under 'rootDir' '/Volumes/UserData/Users/chistyakov/Projects/SPbNIX/clinemm/apps/vscode'. 'rootDir' is expected to contain all source files.
sdk/packages/core/src/index.ts(596,48): error TS6059: File '/Volumes/UserData/Users/chistyakov/Projects/SPbNIX/clinemm/sdk/packages/core/src/services/connectors/connector-cleanup.ts' is not under 'rootDir' '/Volumes/UserData/Users/chistyakov/Projects/SPbNIX/clinemm/apps/vscode'. 'rootDir' is expected to contain all source files.
sdk/packages/core/src/index.ts(660,8): error TS6059: File '/Volumes/UserData/Users/chistyakov/Projects/SPbNIX/clinemm/sdk/packages/core/src/services/marketplace.ts' is not under 'rootDir' '/Volumes/UserData/Users/chistyakov/Projects/SPbNIX/clinemm/apps/vscode'. 'rootDir' is expected to contain all source files.
  The file is in the program because:
    Imported via "./services/marketplace" from file '/Volumes/UserData/Users/chistyakov/Projects/SPbNIX/clinemm/sdk/packages/core/src/index.ts'
    Imported via "./services/marketplace" from file '/Volumes/UserData/Users/chistyakov/Projects/SPbNIX/clinemm/sdk/packages/core/src/index.ts'
sdk/packages/core/src/index.ts(691,8): error TS6059: File '/Volumes/UserData/Users/chistyakov/Projects/SPbNIX/clinemm/sdk/packages/core/src/services/plugin-install.ts' is not under 'rootDir' '/Volumes/UserData/Users/chistyakov/Projects/SPbNIX/clinemm/apps/vscode'. 'rootDir' is expected to contain all source files.
  The file is in the program because:
    Imported via "./services/plugin-install" from file '/Volumes/UserData/Users/chistyakov/Projects/SPbNIX/clinemm/sdk/packages/core/src/index.ts'
    Imported via "./services/plugin-install" from file '/Volumes/UserData/Users/chistyakov/Projects/SPbNIX/clinemm/sdk/packages/core/src/index.ts'
sdk/packages/core/src/index.ts(731,8): error TS6059: File '/Volumes/UserData/Users/chistyakov/Projects/SPbNIX/clinemm/sdk/packages/core/src/services/providers/local-provider-registry.ts' is not under 'rootDir' '/Volumes/UserData/Users/chistyakov/Projects/SPbNIX/clinemm/apps/vscode'. 'rootDir' is expected to contain all source files.
  The file is in the program because:
    Imported via "./services/providers/local-provider-registry" from file '/Volumes/UserData/Users/chistyakov/Projects/SPbNIX/clinemm/sdk/packages/core/src/index.ts'
    Imported via "./local-provider-registry" from file '/Volumes/UserData/Users/chistyakov/Projects/SPbNIX/clinemm/sdk/packages/core/src/services/providers/local-provider-service.ts'
    Imported via "./local-provider-registry" from file '/Volumes/UserData/Users/chistyakov/Projects/SPbNIX/clinemm/sdk/packages/core/src/services/providers/local-provider-service.ts'
    Imported via "../providers/local-provider-registry" from file '/Volumes/UserData/Users/chistyakov/Projects/SPbNIX/clinemm/sdk/packages/core/src/services/storage/provider-settings-legacy-migration.ts'
    Imported via "../providers/local-provider-registry" from file '/Volumes/UserData/Users/chistyakov/Projects/SPbNIX/clinemm/sdk/packages/core/src/services/storage/provider-settings-manager.ts'
    Imported via "../../../../sdk/packages/core/src/services/providers/local-provider-registry" from file '/Volumes/UserData/Users/chistyakov/Projects/SPbNIX/clinemm/apps/vscode/src/test/cline-core-vitest-stub.ts'
sdk/packages/core/src/index.ts(757,8): error TS6059: File '/Volumes/UserData/Users/chistyakov/Projects/SPbNIX/clinemm/sdk/packages/core/src/services/providers/local-provider-service.ts' is not under 'rootDir' '/Volumes/UserData/Users/chistyakov/Projects/SPbNIX/clinemm/apps/vscode'. 'rootDir' is expected to contain all source files.
sdk/packages/core/src/index.ts(769,8): error TS6059: File '/Volumes/UserData/Users/chistyakov/Projects/SPbNIX/clinemm/sdk/packages/core/src/services/storage/provider-settings-legacy-migration.ts' is not under 'rootDir' '/Volumes/UserData/Users/chistyakov/Projects/SPbNIX/clinemm/apps/vscode'. 'rootDir' is expected to contain all source files.
  The file is in the program because:
    Imported via "./services/storage/provider-settings-legacy-migration" from file '/Volumes/UserData/Users/chistyakov/Projects/SPbNIX/clinemm/sdk/packages/core/src/index.ts'
    Imported via "./provider-settings-legacy-migration" from file '/Volumes/UserData/Users/chistyakov/Projects/SPbNIX/clinemm/sdk/packages/core/src/services/storage/provider-settings-manager.ts'
sdk/packages/core/src/index.ts(918,8): error TS6059: File '/Volumes/UserData/Users/chistyakov/Projects/SPbNIX/clinemm/sdk/packages/core/src/session/stores/team-persistence-store.ts' is not under 'rootDir' '/Volumes/UserData/Users/chistyakov/Projects/SPbNIX/clinemm/apps/vscode'. 'rootDir' is expected to contain all source files.
sdk/packages/core/src/index.ts(952,8): error TS6059: File '/Volumes/UserData/Users/chistyakov/Projects/SPbNIX/clinemm/sdk/packages/core/src/types/chat-schema.ts' is not under 'rootDir' '/Volumes/UserData/Users/chistyakov/Projects/SPbNIX/clinemm/apps/vscode'. 'rootDir' is expected to contain all source files.
  The file is in the program because:
    Imported via "./types/chat-schema" from file '/Volumes/UserData/Users/chistyakov/Projects/SPbNIX/clinemm/sdk/packages/core/src/index.ts'
    Imported via "./types/chat-schema" from file '/Volumes/UserData/Users/chistyakov/Projects/SPbNIX/clinemm/sdk/packages/core/src/index.ts'
    Imported via "./types/chat-schema" from file '/Volumes/UserData/Users/chistyakov/Projects/SPbNIX/clinemm/sdk/packages/core/src/types.ts'
sdk/packages/core/src/index.ts(963,36): error TS6059: File '/Volumes/UserData/Users/chistyakov/Projects/SPbNIX/clinemm/sdk/packages/core/src/version.ts' is not under 'rootDir' '/Volumes/UserData/Users/chistyakov/Projects/SPbNIX/clinemm/apps/vscode'. 'rootDir' is expected to contain all source files.
sdk/packages/core/src/index.ts(1033,8): error TS6059: File '/Volumes/UserData/Users/chistyakov/Projects/SPbNIX/clinemm/sdk/packages/core/src/runtime/sandbox/canonical-paths.ts' is not under 'rootDir' '/Volumes/UserData/Users/chistyakov/Projects/SPbNIX/clinemm/apps/vscode'. 'rootDir' is expected to contain all source files.
  The file is in the program because:
    Imported via "./runtime/sandbox/canonical-paths" from file '/Volumes/UserData/Users/chistyakov/Projects/SPbNIX/clinemm/sdk/packages/core/src/index.ts'
    Imported via "../canonical-paths" from file '/Volumes/UserData/Users/chistyakov/Projects/SPbNIX/clinemm/sdk/packages/core/src/runtime/sandbox/macos/seatbelt-backend.ts'
sdk/packages/core/src/index.ts(1041,8): error TS6059: File '/Volumes/UserData/Users/chistyakov/Projects/SPbNIX/clinemm/sdk/packages/core/src/runtime/sandbox/environment.ts' is not under 'rootDir' '/Volumes/UserData/Users/chistyakov/Projects/SPbNIX/clinemm/apps/vscode'. 'rootDir' is expected to contain all source files.
  The file is in the program because:
    Imported via "./runtime/sandbox/environment" from file '/Volumes/UserData/Users/chistyakov/Projects/SPbNIX/clinemm/sdk/packages/core/src/index.ts'
    Imported via "../environment" from file '/Volumes/UserData/Users/chistyakov/Projects/SPbNIX/clinemm/sdk/packages/core/src/runtime/sandbox/macos/seatbelt-backend.ts'
    Imported via "../../../../sdk/packages/core/src/runtime/sandbox/environment" from file '/Volumes/UserData/Users/chistyakov/Projects/SPbNIX/clinemm/apps/vscode/src/test/cline-core-vitest-stub.ts'
sdk/packages/core/src/index.ts(1042,34): error TS6059: File '/Volumes/UserData/Users/chistyakov/Projects/SPbNIX/clinemm/sdk/packages/core/src/runtime/sandbox/no-sandbox-backend.ts' is not under 'rootDir' '/Volumes/UserData/Users/chistyakov/Projects/SPbNIX/clinemm/apps/vscode'. 'rootDir' is expected to contain all source files.
  The file is in the program because:
    Imported via "./runtime/sandbox/no-sandbox-backend" from file '/Volumes/UserData/Users/chistyakov/Projects/SPbNIX/clinemm/sdk/packages/core/src/index.ts'
    Imported via "./no-sandbox-backend" from file '/Volumes/UserData/Users/chistyakov/Projects/SPbNIX/clinemm/sdk/packages/core/src/runtime/sandbox/sandbox-backend.ts'
    Imported via "../../../../sdk/packages/core/src/runtime/sandbox/no-sandbox-backend" from file '/Volumes/UserData/Users/chistyakov/Projects/SPbNIX/clinemm/apps/vscode/src/test/cline-core-vitest-stub.ts'
sdk/packages/core/src/index.ts(1048,8): error TS6059: File '/Volumes/UserData/Users/chistyakov/Projects/SPbNIX/clinemm/sdk/packages/core/src/runtime/sandbox/sandbox-backend.ts' is not under 'rootDir' '/Volumes/UserData/Users/chistyakov/Projects/SPbNIX/clinemm/apps/vscode'. 'rootDir' is expected to contain all source files.
  The file is in the program because:
    Imported via "./runtime/sandbox/sandbox-backend" from file '/Volumes/UserData/Users/chistyakov/Projects/SPbNIX/clinemm/sdk/packages/core/src/index.ts'
    Imported via "../../../../sdk/packages/core/src/runtime/sandbox/sandbox-backend" from file '/Volumes/UserData/Users/chistyakov/Projects/SPbNIX/clinemm/apps/vscode/src/test/cline-core-vitest-stub.ts'
sdk/packages/core/src/index.ts(1154,8): error TS6059: File '/Volumes/UserData/Users/chistyakov/Projects/SPbNIX/clinemm/sdk/packages/core/src/services/llms/runtime-config.ts' is not under 'rootDir' '/Volumes/UserData/Users/chistyakov/Projects/SPbNIX/clinemm/apps/vscode'. 'rootDir' is expected to contain all source files.
sdk/packages/core/src/index.ts(1158,8): error TS6059: File '/Volumes/UserData/Users/chistyakov/Projects/SPbNIX/clinemm/sdk/packages/core/src/services/llms/runtime-registry.ts' is not under 'rootDir' '/Volumes/UserData/Users/chistyakov/Projects/SPbNIX/clinemm/apps/vscode'. 'rootDir' is expected to contain all source files.
sdk/packages/core/src/index.ts(1182,41): error TS6059: File '/Volumes/UserData/Users/chistyakov/Projects/SPbNIX/clinemm/sdk/packages/core/src/types.ts' is not under 'rootDir' '/Volumes/UserData/Users/chistyakov/Projects/SPbNIX/clinemm/apps/vscode'. 'rootDir' is expected to contain all source files.
sdk/packages/core/src/remote-config/integration.ts(18,50): error TS6059: File '/Volumes/UserData/Users/chistyakov/Projects/SPbNIX/clinemm/sdk/packages/core/src/services/telemetry/index.ts' is not under 'rootDir' '/Volumes/UserData/Users/chistyakov/Projects/SPbNIX/clinemm/apps/vscode'. 'rootDir' is expected to contain all source files.
  The file is in the program because:
    Imported via "../services/telemetry" from file '/Volumes/UserData/Users/chistyakov/Projects/SPbNIX/clinemm/sdk/packages/core/src/remote-config/integration.ts'
    Imported via "./services/telemetry" from file '/Volumes/UserData/Users/chistyakov/Projects/SPbNIX/clinemm/sdk/packages/core/src/index.ts'
    Imported via "./services/telemetry/index.js" from file '/Volumes/UserData/Users/chistyakov/Projects/SPbNIX/clinemm/sdk/packages/core/src/index.ts'
sdk/packages/core/src/runtime/capabilities/index.ts(1,46): error TS6059: File '/Volumes/UserData/Users/chistyakov/Projects/SPbNIX/clinemm/sdk/packages/core/src/runtime/capabilities/normalize-runtime-capabilities.ts' is not under 'rootDir' '/Volumes/UserData/Users/chistyakov/Projects/SPbNIX/clinemm/apps/vscode'. 'rootDir' is expected to contain all source files.
sdk/packages/core/src/runtime/capabilities/normalize-runtime-capabilities.ts(1,42): error TS6059: File '/Volumes/UserData/Users/chistyakov/Projects/SPbNIX/clinemm/sdk/packages/core/src/runtime/capabilities/runtime-capabilities.ts' is not under 'rootDir' '/Volumes/UserData/Users/chistyakov/Projects/SPbNIX/clinemm/apps/vscode'. 'rootDir' is expected to contain all source files.
  The file is in the program because:
    Imported via "./runtime-capabilities" from file '/Volumes/UserData/Users/chistyakov/Projects/SPbNIX/clinemm/sdk/packages/core/src/runtime/capabilities/normalize-runtime-capabilities.ts'
    Imported via "./runtime-capabilities" from file '/Volumes/UserData/Users/chistyakov/Projects/SPbNIX/clinemm/sdk/packages/core/src/runtime/capabilities/index.ts'
sdk/packages/core/src/runtime/capabilities/runtime-capabilities.ts(2,36): error TS6059: File '/Volumes/UserData/Users/chistyakov/Projects/SPbNIX/clinemm/sdk/packages/core/src/extensions/tools/index.ts' is not under 'rootDir' '/Volumes/UserData/Users/chistyakov/Projects/SPbNIX/clinemm/apps/vscode'. 'rootDir' is expected to contain all source files.
  The file is in the program because:
    Imported via "../../extensions/tools" from file '/Volumes/UserData/Users/chistyakov/Projects/SPbNIX/clinemm/sdk/packages/core/src/runtime/capabilities/runtime-capabilities.ts'
    Imported via "../tools" from file '/Volumes/UserData/Users/chistyakov/Projects/SPbNIX/clinemm/sdk/packages/core/src/extensions/config/user-instruction-service.ts'
    Imported via "../tools" from file '/Volumes/UserData/Users/chistyakov/Projects/SPbNIX/clinemm/sdk/packages/core/src/extensions/config/user-instruction-plugin.ts'
    Imported via "../../extensions/tools" from file '/Volumes/UserData/Users/chistyakov/Projects/SPbNIX/clinemm/sdk/packages/core/src/runtime/orchestration/session-runtime.ts'
    Imported via "../extensions/tools" from file '/Volumes/UserData/Users/chistyakov/Projects/SPbNIX/clinemm/sdk/packages/core/src/settings/types.ts'
    Imported via "../../extensions/tools" from file '/Volumes/UserData/Users/chistyakov/Projects/SPbNIX/clinemm/sdk/packages/core/src/runtime/host/local-runtime-host.ts'
    Imported via "../../extensions/tools" from file '/Volumes/UserData/Users/chistyakov/Projects/SPbNIX/clinemm/sdk/packages/core/src/runtime/host/local-runtime-host.ts'
    Imported via "../../extensions/tools" from file '/Volumes/UserData/Users/chistyakov/Projects/SPbNIX/clinemm/sdk/packages/core/src/runtime/orchestration/runtime-builder.ts'
    Imported via "../../../extensions/tools" from file '/Volumes/UserData/Users/chistyakov/Projects/SPbNIX/clinemm/sdk/packages/core/src/runtime/host/local/spawn-tool.ts'
    Imported via "../../extensions/tools" from file '/Volumes/UserData/Users/chistyakov/Projects/SPbNIX/clinemm/sdk/packages/core/src/hub/daemon/runtime-handlers.ts'
    Imported via "../../extensions/tools" from file '/Volumes/UserData/Users/chistyakov/Projects/SPbNIX/clinemm/sdk/packages/core/src/hub/server/hub-client-contributions.ts'
    Imported via "../../extensions/tools" from file '/Volumes/UserData/Users/chistyakov/Projects/SPbNIX/clinemm/sdk/packages/core/src/hub/server/hub-client-contributions.ts'
    Imported via "./extensions/tools" from file '/Volumes/UserData/Users/chistyakov/Projects/SPbNIX/clinemm/sdk/packages/core/src/index.ts'
    Imported via "./extensions/tools" from file '/Volumes/UserData/Users/chistyakov/Projects/SPbNIX/clinemm/sdk/packages/core/src/types.ts'
    Imported via "./extensions/tools" from file '/Volumes/UserData/Users/chistyakov/Projects/SPbNIX/clinemm/sdk/packages/core/src/types.ts'
sdk/packages/core/src/runtime/command-policy/command-execution-plan.ts(32,8): error TS6059: File '/Volumes/UserData/Users/chistyakov/Projects/SPbNIX/clinemm/sdk/packages/core/src/runtime/command-policy/command-policy-types.ts' is not under 'rootDir' '/Volumes/UserData/Users/chistyakov/Projects/SPbNIX/clinemm/apps/vscode'. 'rootDir' is expected to contain all source files.
  The file is in the program because:
    Imported via "./command-policy-types" from file '/Volumes/UserData/Users/chistyakov/Projects/SPbNIX/clinemm/sdk/packages/core/src/runtime/command-policy/command-execution-plan.ts'
    Imported via "./command-policy-types" from file '/Volumes/UserData/Users/chistyakov/Projects/SPbNIX/clinemm/sdk/packages/core/src/runtime/command-policy/command-model-hints.ts'
    Imported via "./command-policy-types" from file '/Volumes/UserData/Users/chistyakov/Projects/SPbNIX/clinemm/sdk/packages/core/src/runtime/command-policy/command-execution-plan.ts'
    Imported via "./command-policy-types" from file '/Volumes/UserData/Users/chistyakov/Projects/SPbNIX/clinemm/sdk/packages/core/src/runtime/command-policy/command-policy.ts'
    Imported via "./command-policy-types" from file '/Volumes/UserData/Users/chistyakov/Projects/SPbNIX/clinemm/sdk/packages/core/src/runtime/command-policy/command-safe-rules.ts'
    Imported via "./command-policy-types" from file '/Volumes/UserData/Users/chistyakov/Projects/SPbNIX/clinemm/sdk/packages/core/src/runtime/command-policy/path-authority.ts'
    Imported via "./command-policy-types" from file '/Volumes/UserData/Users/chistyakov/Projects/SPbNIX/clinemm/sdk/packages/core/src/runtime/command-policy/command-policy.ts'
    Imported via "./command-policy-types" from file '/Volumes/UserData/Users/chistyakov/Projects/SPbNIX/clinemm/sdk/packages/core/src/runtime/command-policy/index.ts'
    Imported via "./command-policy-types" from file '/Volumes/UserData/Users/chistyakov/Projects/SPbNIX/clinemm/sdk/packages/core/src/runtime/command-policy/path-authority-evidence-builder.ts'
    Imported via "./command-policy-types" from file '/Volumes/UserData/Users/chistyakov/Projects/SPbNIX/clinemm/sdk/packages/core/src/runtime/command-policy/reformulation-classifier.ts'
sdk/packages/core/src/runtime/command-policy/command-policy-types.ts(34,40): error TS6059: File '/Volumes/UserData/Users/chistyakov/Projects/SPbNIX/clinemm/sdk/packages/core/src/runtime/command-policy/command-model-hints.ts' is not under 'rootDir' '/Volumes/UserData/Users/chistyakov/Projects/SPbNIX/clinemm/apps/vscode'. 'rootDir' is expected to contain all source files.
  The file is in the program because:
    Imported via "./command-model-hints" from file '/Volumes/UserData/Users/chistyakov/Projects/SPbNIX/clinemm/sdk/packages/core/src/runtime/command-policy/command-policy-types.ts'
    Imported via "./command-model-hints" from file '/Volumes/UserData/Users/chistyakov/Projects/SPbNIX/clinemm/sdk/packages/core/src/runtime/command-policy/index.ts'
    Imported via "./command-model-hints" from file '/Volumes/UserData/Users/chistyakov/Projects/SPbNIX/clinemm/sdk/packages/core/src/runtime/command-policy/command-policy.ts'
    Imported via "./command-model-hints" from file '/Volumes/UserData/Users/chistyakov/Projects/SPbNIX/clinemm/sdk/packages/core/src/runtime/command-policy/command-safe-rules.ts'
    Imported via "./command-model-hints" from file '/Volumes/UserData/Users/chistyakov/Projects/SPbNIX/clinemm/sdk/packages/core/src/runtime/command-policy/path-authority.ts'
    Imported via "./command-model-hints" from file '/Volumes/UserData/Users/chistyakov/Projects/SPbNIX/clinemm/sdk/packages/core/src/runtime/command-policy/command-policy.ts'
    Imported via "./command-model-hints" from file '/Volumes/UserData/Users/chistyakov/Projects/SPbNIX/clinemm/sdk/packages/core/src/runtime/command-policy/command-risk.ts'
    Imported via "./command-model-hints" from file '/Volumes/UserData/Users/chistyakov/Projects/SPbNIX/clinemm/sdk/packages/core/src/runtime/command-policy/structured-command-risk.ts'
    Imported via "./command-model-hints" from file '/Volumes/UserData/Users/chistyakov/Projects/SPbNIX/clinemm/sdk/packages/core/src/runtime/command-policy/path-authority-evidence-builder.ts'
sdk/packages/core/src/runtime/command-policy/command-policy-types.ts(35,43): error TS6059: File '/Volumes/UserData/Users/chistyakov/Projects/SPbNIX/clinemm/sdk/packages/core/src/runtime/command-policy/safe-execution-profile.ts' is not under 'rootDir' '/Volumes/UserData/Users/chistyakov/Projects/SPbNIX/clinemm/apps/vscode'. 'rootDir' is expected to contain all source files.
  The file is in the program because:
    Imported via "./safe-execution-profile" from file '/Volumes/UserData/Users/chistyakov/Projects/SPbNIX/clinemm/sdk/packages/core/src/runtime/command-policy/command-policy-types.ts'
    Imported via "./safe-execution-profile" from file '/Volumes/UserData/Users/chistyakov/Projects/SPbNIX/clinemm/sdk/packages/core/src/runtime/command-policy/command-execution-plan.ts'
    Imported via "./safe-execution-profile" from file '/Volumes/UserData/Users/chistyakov/Projects/SPbNIX/clinemm/sdk/packages/core/src/runtime/command-policy/command-policy.ts'
    Imported via "./safe-execution-profile" from file '/Volumes/UserData/Users/chistyakov/Projects/SPbNIX/clinemm/sdk/packages/core/src/runtime/command-policy/index.ts'
    Imported via "./runtime/command-policy/safe-execution-profile" from file '/Volumes/UserData/Users/chistyakov/Projects/SPbNIX/clinemm/sdk/packages/core/src/index.ts'
sdk/packages/core/src/runtime/command-policy/command-policy-types.ts(299,33): error TS6059: File '/Volumes/UserData/Users/chistyakov/Projects/SPbNIX/clinemm/sdk/packages/core/src/runtime/command-policy/path-authority-evidence.ts' is not under 'rootDir' '/Volumes/UserData/Users/chistyakov/Projects/SPbNIX/clinemm/apps/vscode'. 'rootDir' is expected to contain all source files.
  The file is in the program because:
    Imported via "./path-authority-evidence" from file '/Volumes/UserData/Users/chistyakov/Projects/SPbNIX/clinemm/sdk/packages/core/src/runtime/command-policy/command-policy-types.ts'
    Imported via "./path-authority-evidence" from file '/Volumes/UserData/Users/chistyakov/Projects/SPbNIX/clinemm/sdk/packages/core/src/runtime/command-policy/command-policy-types.ts'
    Imported via "./path-authority-evidence" from file '/Volumes/UserData/Users/chistyakov/Projects/SPbNIX/clinemm/sdk/packages/core/src/runtime/command-policy/path-authority.ts'
    Imported via "./path-authority-evidence" from file '/Volumes/UserData/Users/chistyakov/Projects/SPbNIX/clinemm/sdk/packages/core/src/runtime/command-policy/command-risk.ts'
    Imported via "./path-authority-evidence" from file '/Volumes/UserData/Users/chistyakov/Projects/SPbNIX/clinemm/sdk/packages/core/src/runtime/command-policy/index.ts'
    Imported via "./path-authority-evidence" from file '/Volumes/UserData/Users/chistyakov/Projects/SPbNIX/clinemm/sdk/packages/core/src/runtime/command-policy/path-authority-evidence-builder.ts'
sdk/packages/core/src/runtime/command-policy/command-policy.ts(57,35): error TS6059: File '/Volumes/UserData/Users/chistyakov/Projects/SPbNIX/clinemm/sdk/packages/core/src/runtime/command-policy/command-safe-rules.ts' is not under 'rootDir' '/Volumes/UserData/Users/chistyakov/Projects/SPbNIX/clinemm/apps/vscode'. 'rootDir' is expected to contain all source files.
  The file is in the program because:
    Imported via "./command-safe-rules" from file '/Volumes/UserData/Users/chistyakov/Projects/SPbNIX/clinemm/sdk/packages/core/src/runtime/command-policy/command-policy.ts'
    Imported via "./command-safe-rules" from file '/Volumes/UserData/Users/chistyakov/Projects/SPbNIX/clinemm/sdk/packages/core/src/runtime/command-policy/command-policy.ts'
    Imported via "./command-safe-rules" from file '/Volumes/UserData/Users/chistyakov/Projects/SPbNIX/clinemm/sdk/packages/core/src/runtime/command-policy/command-risk.ts'
    Imported via "./command-safe-rules" from file '/Volumes/UserData/Users/chistyakov/Projects/SPbNIX/clinemm/sdk/packages/core/src/runtime/command-policy/structured-command-risk.ts'
    Imported via "./command-safe-rules" from file '/Volumes/UserData/Users/chistyakov/Projects/SPbNIX/clinemm/sdk/packages/core/src/runtime/command-policy/index.ts'
    Imported via "./command-safe-rules" from file '/Volumes/UserData/Users/chistyakov/Projects/SPbNIX/clinemm/sdk/packages/core/src/runtime/command-policy/path-authority-evidence-builder.ts'
sdk/packages/core/src/runtime/command-policy/command-policy.ts(61,8): error TS6059: File '/Volumes/UserData/Users/chistyakov/Projects/SPbNIX/clinemm/sdk/packages/core/src/runtime/command-policy/path-authority.ts' is not under 'rootDir' '/Volumes/UserData/Users/chistyakov/Projects/SPbNIX/clinemm/apps/vscode'. 'rootDir' is expected to contain all source files.
  The file is in the program because:
    Imported via "./path-authority" from file '/Volumes/UserData/Users/chistyakov/Projects/SPbNIX/clinemm/sdk/packages/core/src/runtime/command-policy/command-policy.ts'
    Imported via "./path-authority" from file '/Volumes/UserData/Users/chistyakov/Projects/SPbNIX/clinemm/sdk/packages/core/src/runtime/command-policy/index.ts'
    Imported via "./path-authority" from file '/Volumes/UserData/Users/chistyakov/Projects/SPbNIX/clinemm/sdk/packages/core/src/runtime/command-policy/path-authority-evidence-builder.ts'
sdk/packages/core/src/runtime/command-policy/command-risk.ts(58,8): error TS6059: File '/Volumes/UserData/Users/chistyakov/Projects/SPbNIX/clinemm/sdk/packages/core/src/runtime/command-policy/structured-command-risk.ts' is not under 'rootDir' '/Volumes/UserData/Users/chistyakov/Projects/SPbNIX/clinemm/apps/vscode'. 'rootDir' is expected to contain all source files.
  The file is in the program because:
    Imported via "./structured-command-risk" from file '/Volumes/UserData/Users/chistyakov/Projects/SPbNIX/clinemm/sdk/packages/core/src/runtime/command-policy/command-risk.ts'
    Imported via "./structured-command-risk" from file '/Volumes/UserData/Users/chistyakov/Projects/SPbNIX/clinemm/sdk/packages/core/src/runtime/command-policy/command-risk.ts'
    Imported via "./structured-command-risk" from file '/Volumes/UserData/Users/chistyakov/Projects/SPbNIX/clinemm/sdk/packages/core/src/runtime/command-policy/index.ts'
    Imported via "./structured-command-risk" from file '/Volumes/UserData/Users/chistyakov/Projects/SPbNIX/clinemm/sdk/packages/core/src/runtime/command-policy/command-risk-internal.ts'
sdk/packages/core/src/runtime/command-policy/index.ts(25,43): error TS6059: File '/Volumes/UserData/Users/chistyakov/Projects/SPbNIX/clinemm/sdk/packages/core/src/runtime/command-policy/command-execution-plan.ts' is not under 'rootDir' '/Volumes/UserData/Users/chistyakov/Projects/SPbNIX/clinemm/apps/vscode'. 'rootDir' is expected to contain all source files.
  The file is in the program because:
    Imported via "./command-execution-plan" from file '/Volumes/UserData/Users/chistyakov/Projects/SPbNIX/clinemm/sdk/packages/core/src/runtime/command-policy/index.ts'
    Imported via "./command-execution-plan" from file '/Volumes/UserData/Users/chistyakov/Projects/SPbNIX/clinemm/sdk/packages/core/src/runtime/command-policy/command-policy.ts'
    Imported via "./runtime/command-policy/command-execution-plan" from file '/Volumes/UserData/Users/chistyakov/Projects/SPbNIX/clinemm/sdk/packages/core/src/index.ts'
sdk/packages/core/src/runtime/command-policy/index.ts(50,8): error TS6059: File '/Volumes/UserData/Users/chistyakov/Projects/SPbNIX/clinemm/sdk/packages/core/src/runtime/command-policy/command-policy.ts' is not under 'rootDir' '/Volumes/UserData/Users/chistyakov/Projects/SPbNIX/clinemm/apps/vscode'. 'rootDir' is expected to contain all source files.
  The file is in the program because:
    Imported via "./command-policy" from file '/Volumes/UserData/Users/chistyakov/Projects/SPbNIX/clinemm/sdk/packages/core/src/runtime/command-policy/index.ts'
    Imported via "./command-policy" from file '/Volumes/UserData/Users/chistyakov/Projects/SPbNIX/clinemm/sdk/packages/core/src/runtime/command-policy/command-risk.ts'
    Imported via "./command-policy" from file '/Volumes/UserData/Users/chistyakov/Projects/SPbNIX/clinemm/sdk/packages/core/src/runtime/command-policy/structured-command-risk.ts'
sdk/packages/core/src/runtime/command-policy/index.ts(65,8): error TS6059: File '/Volumes/UserData/Users/chistyakov/Projects/SPbNIX/clinemm/sdk/packages/core/src/runtime/command-policy/command-risk.ts' is not under 'rootDir' '/Volumes/UserData/Users/chistyakov/Projects/SPbNIX/clinemm/apps/vscode'. 'rootDir' is expected to contain all source files.
  The file is in the program because:
    Imported via "./command-risk" from file '/Volumes/UserData/Users/chistyakov/Projects/SPbNIX/clinemm/sdk/packages/core/src/runtime/command-policy/index.ts'
    Imported via "./command-risk" from file '/Volumes/UserData/Users/chistyakov/Projects/SPbNIX/clinemm/sdk/packages/core/src/runtime/command-policy/structured-command-risk.ts'
    Imported via "./runtime/command-policy/command-risk" from file '/Volumes/UserData/Users/chistyakov/Projects/SPbNIX/clinemm/sdk/packages/core/src/index.ts'
    Imported via "./command-risk" from file '/Volumes/UserData/Users/chistyakov/Projects/SPbNIX/clinemm/sdk/packages/core/src/runtime/command-policy/command-risk-internal.ts'
sdk/packages/core/src/runtime/command-policy/index.ts(112,8): error TS6059: File '/Volumes/UserData/Users/chistyakov/Projects/SPbNIX/clinemm/sdk/packages/core/src/runtime/command-policy/path-authority-evidence-builder.ts' is not under 'rootDir' '/Volumes/UserData/Users/chistyakov/Projects/SPbNIX/clinemm/apps/vscode'. 'rootDir' is expected to contain all source files.
  The file is in the program because:
    Imported via "./path-authority-evidence-builder" from file '/Volumes/UserData/Users/chistyakov/Projects/SPbNIX/clinemm/sdk/packages/core/src/runtime/command-policy/index.ts'
    Imported via "./runtime/command-policy/path-authority-evidence-builder" from file '/Volumes/UserData/Users/chistyakov/Projects/SPbNIX/clinemm/sdk/packages/core/src/index.ts'
    Imported via "../../../../sdk/packages/core/src/runtime/command-policy/path-authority-evidence-builder" from file '/Volumes/UserData/Users/chistyakov/Projects/SPbNIX/clinemm/apps/vscode/src/test/cline-core-vitest-stub.ts'
sdk/packages/core/src/runtime/command-policy/index.ts(164,8): error TS6059: File '/Volumes/UserData/Users/chistyakov/Projects/SPbNIX/clinemm/sdk/packages/core/src/runtime/command-policy/reformulation-classifier.ts' is not under 'rootDir' '/Volumes/UserData/Users/chistyakov/Projects/SPbNIX/clinemm/apps/vscode'. 'rootDir' is expected to contain all source files.
sdk/packages/core/src/runtime/config/agent-message-codec.ts(18,46): error TS6059: File '/Volumes/UserData/Users/chistyakov/Projects/SPbNIX/clinemm/sdk/packages/core/src/session/persisted-tool-result-content.ts' is not under 'rootDir' '/Volumes/UserData/Users/chistyakov/Projects/SPbNIX/clinemm/apps/vscode'. 'rootDir' is expected to contain all source files.
  The file is in the program because:
    Imported via "../../session/persisted-tool-result-content" from file '/Volumes/UserData/Users/chistyakov/Projects/SPbNIX/clinemm/sdk/packages/core/src/runtime/config/agent-message-codec.ts'
    Imported via "./persisted-tool-result-content" from file '/Volumes/UserData/Users/chistyakov/Projects/SPbNIX/clinemm/sdk/packages/core/src/session/display-messages.ts'
sdk/packages/core/src/runtime/host/history.ts(6,33): error TS6059: File '/Volumes/UserData/Users/chistyakov/Projects/SPbNIX/clinemm/sdk/packages/core/src/services/session-data.ts' is not under 'rootDir' '/Volumes/UserData/Users/chistyakov/Projects/SPbNIX/clinemm/apps/vscode'. 'rootDir' is expected to contain all source files.
  The file is in the program because:
    Imported via "../../services/session-data" from file '/Volumes/UserData/Users/chistyakov/Projects/SPbNIX/clinemm/sdk/packages/core/src/runtime/host/history.ts'
    Imported via "../../services/session-data" from file '/Volumes/UserData/Users/chistyakov/Projects/SPbNIX/clinemm/sdk/packages/core/src/session/services/persistence-service.ts'
    Imported via "../../services/session-data" from file '/Volumes/UserData/Users/chistyakov/Projects/SPbNIX/clinemm/sdk/packages/core/src/session/stores/session-manifest-store.ts'
    Imported via "../../services/session-data" from file '/Volumes/UserData/Users/chistyakov/Projects/SPbNIX/clinemm/sdk/packages/core/src/session/team/team-child-session-manager.ts'
    Imported via "./session-data" from file '/Volumes/UserData/Users/chistyakov/Projects/SPbNIX/clinemm/sdk/packages/core/src/services/agent-events.ts'
    Imported via "./session-data" from file '/Volumes/UserData/Users/chistyakov/Projects/SPbNIX/clinemm/sdk/packages/core/src/services/local-runtime-bootstrap.ts'
    Imported via "../../services/session-data" from file '/Volumes/UserData/Users/chistyakov/Projects/SPbNIX/clinemm/sdk/packages/core/src/runtime/host/local-runtime-host.ts'
sdk/packages/core/src/runtime/host/history.ts(15,37): error TS6059: File '/Volumes/UserData/Users/chistyakov/Projects/SPbNIX/clinemm/sdk/packages/core/src/runtime/host/host.ts' is not under 'rootDir' '/Volumes/UserData/Users/chistyakov/Projects/SPbNIX/clinemm/apps/vscode'. 'rootDir' is expected to contain all source files.
  The file is in the program because:
    Imported via "./host" from file '/Volumes/UserData/Users/chistyakov/Projects/SPbNIX/clinemm/sdk/packages/core/src/runtime/host/history.ts'
    Imported via "../runtime/host/host" from file '/Volumes/UserData/Users/chistyakov/Projects/SPbNIX/clinemm/sdk/packages/core/src/cline-core/types.ts'
    Imported via "./runtime/host/host" from file '/Volumes/UserData/Users/chistyakov/Projects/SPbNIX/clinemm/sdk/packages/core/src/ClineCore.ts'
    Imported via "./runtime/host/host" from file '/Volumes/UserData/Users/chistyakov/Projects/SPbNIX/clinemm/sdk/packages/core/src/index.ts'
    Imported via "./runtime/host/host" from file '/Volumes/UserData/Users/chistyakov/Projects/SPbNIX/clinemm/sdk/packages/core/src/index.ts'
    Imported via "./runtime/host/host" from file '/Volumes/UserData/Users/chistyakov/Projects/SPbNIX/clinemm/sdk/packages/core/src/types.ts'
sdk/packages/core/src/runtime/host/host.ts(6,8): error TS6059: File '/Volumes/UserData/Users/chistyakov/Projects/SPbNIX/clinemm/sdk/packages/core/src/hub/client/index.ts' is not under 'rootDir' '/Volumes/UserData/Users/chistyakov/Projects/SPbNIX/clinemm/apps/vscode'. 'rootDir' is expected to contain all source files.
  The file is in the program because:
    Imported via "../../hub/client" from file '/Volumes/UserData/Users/chistyakov/Projects/SPbNIX/clinemm/sdk/packages/core/src/runtime/host/host.ts'
    Imported via "../client" from file '/Volumes/UserData/Users/chistyakov/Projects/SPbNIX/clinemm/sdk/packages/core/src/hub/daemon/index.ts'
    Imported via "../client" from file '/Volumes/UserData/Users/chistyakov/Projects/SPbNIX/clinemm/sdk/packages/core/src/hub/runtime-host/hub-runtime-host.ts'
    Imported via "../client" from file '/Volumes/UserData/Users/chistyakov/Projects/SPbNIX/clinemm/sdk/packages/core/src/hub/runtime-host/remote-runtime-host.ts'
    Imported via "./client" from file '/Volumes/UserData/Users/chistyakov/Projects/SPbNIX/clinemm/sdk/packages/core/src/hub/index.ts'
    Imported via "../client" from file '/Volumes/UserData/Users/chistyakov/Projects/SPbNIX/clinemm/sdk/packages/core/src/hub/client/session-client.ts'
    Imported via "../client" from file '/Volumes/UserData/Users/chistyakov/Projects/SPbNIX/clinemm/sdk/packages/core/src/hub/client/ui-client.ts'
    Imported via "../client" from file '/Volumes/UserData/Users/chistyakov/Projects/SPbNIX/clinemm/sdk/packages/core/src/hub/server/hub-websocket-server.ts'
sdk/packages/core/src/runtime/host/host.ts(8,32): error TS6059: File '/Volumes/UserData/Users/chistyakov/Projects/SPbNIX/clinemm/sdk/packages/core/src/hub/runtime-host/hub-runtime-host.ts' is not under 'rootDir' '/Volumes/UserData/Users/chistyakov/Projects/SPbNIX/clinemm/apps/vscode'. 'rootDir' is expected to contain all source files.
  The file is in the program because:
    Imported via "../../hub/runtime-host/hub-runtime-host" from file '/Volumes/UserData/Users/chistyakov/Projects/SPbNIX/clinemm/sdk/packages/core/src/runtime/host/host.ts'
    Imported via "./hub-runtime-host" from file '/Volumes/UserData/Users/chistyakov/Projects/SPbNIX/clinemm/sdk/packages/core/src/hub/runtime-host/remote-runtime-host.ts'
    Imported via "./hub/runtime-host/hub-runtime-host" from file '/Volumes/UserData/Users/chistyakov/Projects/SPbNIX/clinemm/sdk/packages/core/src/index.ts'
sdk/packages/core/src/runtime/host/host.ts(9,35): error TS6059: File '/Volumes/UserData/Users/chistyakov/Projects/SPbNIX/clinemm/sdk/packages/core/src/hub/runtime-host/remote-runtime-host.ts' is not under 'rootDir' '/Volumes/UserData/Users/chistyakov/Projects/SPbNIX/clinemm/apps/vscode'. 'rootDir' is expected to contain all source files.
  The file is in the program because:
    Imported via "../../hub/runtime-host/remote-runtime-host" from file '/Volumes/UserData/Users/chistyakov/Projects/SPbNIX/clinemm/sdk/packages/core/src/runtime/host/host.ts'
    Imported via "./hub/runtime-host/remote-runtime-host" from file '/Volumes/UserData/Users/chistyakov/Projects/SPbNIX/clinemm/sdk/packages/core/src/index.ts'
sdk/packages/core/src/runtime/host/host.ts(11,39): error TS6059: File '/Volumes/UserData/Users/chistyakov/Projects/SPbNIX/clinemm/sdk/packages/core/src/services/telemetry/distinct-id.ts' is not under 'rootDir' '/Volumes/UserData/Users/chistyakov/Projects/SPbNIX/clinemm/apps/vscode'. 'rootDir' is expected to contain all source files.
  The file is in the program because:
    Imported via "../../services/telemetry/distinct-id" from file '/Volumes/UserData/Users/chistyakov/Projects/SPbNIX/clinemm/sdk/packages/core/src/runtime/host/host.ts'
    Imported via "../../services/telemetry/distinct-id" from file '/Volumes/UserData/Users/chistyakov/Projects/SPbNIX/clinemm/sdk/packages/core/src/runtime/host/local-runtime-host.ts'
    Imported via "./services/telemetry/distinct-id" from file '/Volumes/UserData/Users/chistyakov/Projects/SPbNIX/clinemm/sdk/packages/core/src/ClineCore.ts'
    Imported via "./distinct-id" from file '/Volumes/UserData/Users/chistyakov/Projects/SPbNIX/clinemm/sdk/packages/core/src/services/telemetry/OpenTelemetryProvider.ts'
    Imported via "./distinct-id" from file '/Volumes/UserData/Users/chistyakov/Projects/SPbNIX/clinemm/sdk/packages/core/src/services/telemetry/TelemetryService.ts'
    Imported via "./distinct-id" from file '/Volumes/UserData/Users/chistyakov/Projects/SPbNIX/clinemm/sdk/packages/core/src/services/telemetry/index.ts'
sdk/packages/core/src/runtime/host/host.ts(12,36): error TS6059: File '/Volumes/UserData/Users/chistyakov/Projects/SPbNIX/clinemm/sdk/packages/core/src/session/services/file-session-service.ts' is not under 'rootDir' '/Volumes/UserData/Users/chistyakov/Projects/SPbNIX/clinemm/apps/vscode'. 'rootDir' is expected to contain all source files.
  The file is in the program because:
    Imported via "../../session/services/file-session-service" from file '/Volumes/UserData/Users/chistyakov/Projects/SPbNIX/clinemm/sdk/packages/core/src/runtime/host/host.ts'
    Imported via "../../../session/services/file-session-service" from file '/Volumes/UserData/Users/chistyakov/Projects/SPbNIX/clinemm/sdk/packages/core/src/runtime/host/local/session-record.ts'
sdk/packages/core/src/runtime/host/host.ts(14,34): error TS6059: File '/Volumes/UserData/Users/chistyakov/Projects/SPbNIX/clinemm/sdk/packages/core/src/runtime/host/local-runtime-host.ts' is not under 'rootDir' '/Volumes/UserData/Users/chistyakov/Projects/SPbNIX/clinemm/apps/vscode'. 'rootDir' is expected to contain all source files.
  The file is in the program because:
    Imported via "./local-runtime-host" from file '/Volumes/UserData/Users/chistyakov/Projects/SPbNIX/clinemm/sdk/packages/core/src/runtime/host/host.ts'
    Imported via "../../runtime/host/local-runtime-host" from file '/Volumes/UserData/Users/chistyakov/Projects/SPbNIX/clinemm/sdk/packages/core/src/hub/daemon/runtime-handlers.ts'
    Imported via "../../runtime/host/local-runtime-host" from file '/Volumes/UserData/Users/chistyakov/Projects/SPbNIX/clinemm/sdk/packages/core/src/hub/server/hub-server-transport.ts'
    Imported via "./runtime/host/local-runtime-host" from file '/Volumes/UserData/Users/chistyakov/Projects/SPbNIX/clinemm/sdk/packages/core/src/index.ts'
sdk/packages/core/src/runtime/host/local-runtime-host.ts(19,10): error TS2305: Module '"@cline/shared/storage"' has no exported member 'setHomeDirIfUnset'.
sdk/packages/core/src/runtime/host/local-runtime-host.ts(24,8): error TS6059: File '/Volumes/UserData/Users/chistyakov/Projects/SPbNIX/clinemm/sdk/packages/core/src/extensions/context/compaction.ts' is not under 'rootDir' '/Volumes/UserData/Users/chistyakov/Projects/SPbNIX/clinemm/apps/vscode'. 'rootDir' is expected to contain all source files.
  The file is in the program because:
    Imported via "../../extensions/context/compaction" from file '/Volumes/UserData/Users/chistyakov/Projects/SPbNIX/clinemm/sdk/packages/core/src/runtime/host/local-runtime-host.ts'
    Imported via "./extensions/context/compaction" from file '/Volumes/UserData/Users/chistyakov/Projects/SPbNIX/clinemm/sdk/packages/core/src/index.ts'
sdk/packages/core/src/runtime/host/local-runtime-host.ts(33,45): error TS6059: File '/Volumes/UserData/Users/chistyakov/Projects/SPbNIX/clinemm/sdk/packages/core/src/services/agent-events.ts' is not under 'rootDir' '/Volumes/UserData/Users/chistyakov/Projects/SPbNIX/clinemm/apps/vscode'. 'rootDir' is expected to contain all source files.
  The file is in the program because:
    Imported via "../../services/agent-events" from file '/Volumes/UserData/Users/chistyakov/Projects/SPbNIX/clinemm/sdk/packages/core/src/runtime/host/local-runtime-host.ts'
    Imported via "../../../services/agent-events" from file '/Volumes/UserData/Users/chistyakov/Projects/SPbNIX/clinemm/sdk/packages/core/src/runtime/host/local/agent-event-bridge.ts'
    Imported via "../../../services/agent-events" from file '/Volumes/UserData/Users/chistyakov/Projects/SPbNIX/clinemm/sdk/packages/core/src/runtime/host/local/spawn-tool.ts'
sdk/packages/core/src/runtime/host/local-runtime-host.ts(34,38): error TS6059: File '/Volumes/UserData/Users/chistyakov/Projects/SPbNIX/clinemm/sdk/packages/core/src/services/config.ts' is not under 'rootDir' '/Volumes/UserData/Users/chistyakov/Projects/SPbNIX/clinemm/apps/vscode'. 'rootDir' is expected to contain all source files.
  The file is in the program because:
    Imported via "../../services/config" from file '/Volumes/UserData/Users/chistyakov/Projects/SPbNIX/clinemm/sdk/packages/core/src/runtime/host/local-runtime-host.ts'
    Imported via "./config" from file '/Volumes/UserData/Users/chistyakov/Projects/SPbNIX/clinemm/sdk/packages/core/src/services/local-runtime-bootstrap.ts'
    Imported via "../../../services/config" from file '/Volumes/UserData/Users/chistyakov/Projects/SPbNIX/clinemm/sdk/packages/core/src/runtime/host/local/session-record.ts'
sdk/packages/core/src/runtime/host/local-runtime-host.ts(35,46): error TS6059: File '/Volumes/UserData/Users/chistyakov/Projects/SPbNIX/clinemm/sdk/packages/core/src/services/local-runtime-bootstrap.ts' is not under 'rootDir' '/Volumes/UserData/Users/chistyakov/Projects/SPbNIX/clinemm/apps/vscode'. 'rootDir' is expected to contain all source files.
sdk/packages/core/src/runtime/host/local-runtime-host.ts(44,8): error TS6059: File '/Volumes/UserData/Users/chistyakov/Projects/SPbNIX/clinemm/sdk/packages/core/src/services/session-telemetry.ts' is not under 'rootDir' '/Volumes/UserData/Users/chistyakov/Projects/SPbNIX/clinemm/apps/vscode'. 'rootDir' is expected to contain all source files.
sdk/packages/core/src/runtime/host/local-runtime-host.ts(80,42): error TS6059: File '/Volumes/UserData/Users/chistyakov/Projects/SPbNIX/clinemm/sdk/packages/core/src/session/session-versioning-service.ts' is not under 'rootDir' '/Volumes/UserData/Users/chistyakov/Projects/SPbNIX/clinemm/apps/vscode'. 'rootDir' is expected to contain all source files.
  The file is in the program because:
    Imported via "../../session/session-versioning-service" from file '/Volumes/UserData/Users/chistyakov/Projects/SPbNIX/clinemm/sdk/packages/core/src/runtime/host/local-runtime-host.ts'
    Imported via "../../../session/session-versioning-service" from file '/Volumes/UserData/Users/chistyakov/Projects/SPbNIX/clinemm/sdk/packages/core/src/hub/server/handlers/session-handlers.ts'
    Imported via "./session/session-versioning-service" from file '/Volumes/UserData/Users/chistyakov/Projects/SPbNIX/clinemm/sdk/packages/core/src/index.ts'
    Imported via "./session/session-versioning-service" from file '/Volumes/UserData/Users/chistyakov/Projects/SPbNIX/clinemm/sdk/packages/core/src/index.ts'
    Imported via "./session/session-versioning-service" from file '/Volumes/UserData/Users/chistyakov/Projects/SPbNIX/clinemm/sdk/packages/core/src/types.ts'
sdk/packages/core/src/runtime/host/local-runtime-host.ts(101,39): error TS6059: File '/Volumes/UserData/Users/chistyakov/Projects/SPbNIX/clinemm/sdk/packages/core/src/runtime/orchestration/runtime-builder.ts' is not under 'rootDir' '/Volumes/UserData/Users/chistyakov/Projects/SPbNIX/clinemm/apps/vscode'. 'rootDir' is expected to contain all source files.
  The file is in the program because:
    Imported via "../orchestration/runtime-builder" from file '/Volumes/UserData/Users/chistyakov/Projects/SPbNIX/clinemm/sdk/packages/core/src/runtime/host/local-runtime-host.ts'
    Imported via "./runtime/orchestration/runtime-builder" from file '/Volumes/UserData/Users/chistyakov/Projects/SPbNIX/clinemm/sdk/packages/core/src/index.ts'
    Imported via "../../../../sdk/packages/core/src/runtime/orchestration/runtime-builder" from file '/Volumes/UserData/Users/chistyakov/Projects/SPbNIX/clinemm/apps/vscode/src/test/cline-core-vitest-stub.ts'
sdk/packages/core/src/runtime/host/local-runtime-host.ts(106,8): error TS6059: File '/Volumes/UserData/Users/chistyakov/Projects/SPbNIX/clinemm/sdk/packages/core/src/runtime/orchestration/runtime-oauth-token-manager.ts' is not under 'rootDir' '/Volumes/UserData/Users/chistyakov/Projects/SPbNIX/clinemm/apps/vscode'. 'rootDir' is expected to contain all source files.
  The file is in the program because:
    Imported via "../orchestration/runtime-oauth-token-manager" from file '/Volumes/UserData/Users/chistyakov/Projects/SPbNIX/clinemm/sdk/packages/core/src/runtime/host/local-runtime-host.ts'
    Imported via "./runtime/orchestration/runtime-oauth-token-manager" from file '/Volumes/UserData/Users/chistyakov/Projects/SPbNIX/clinemm/sdk/packages/core/src/index.ts'
sdk/packages/core/src/runtime/host/local-runtime-host.ts(109,42): error TS6059: File '/Volumes/UserData/Users/chistyakov/Projects/SPbNIX/clinemm/sdk/packages/core/src/runtime/turn-queue/pending-prompt-service.ts' is not under 'rootDir' '/Volumes/UserData/Users/chistyakov/Projects/SPbNIX/clinemm/apps/vscode'. 'rootDir' is expected to contain all source files.
sdk/packages/core/src/runtime/host/local-runtime-host.ts(111,34): error TS6059: File '/Volumes/UserData/Users/chistyakov/Projects/SPbNIX/clinemm/sdk/packages/core/src/runtime/host/local/agent-event-bridge.ts' is not under 'rootDir' '/Volumes/UserData/Users/chistyakov/Projects/SPbNIX/clinemm/apps/vscode'. 'rootDir' is expected to contain all source files.
sdk/packages/core/src/runtime/host/local-runtime-host.ts(115,8): error TS6059: File '/Volumes/UserData/Users/chistyakov/Projects/SPbNIX/clinemm/sdk/packages/core/src/runtime/host/local/session-record.ts' is not under 'rootDir' '/Volumes/UserData/Users/chistyakov/Projects/SPbNIX/clinemm/apps/vscode'. 'rootDir' is expected to contain all source files.
  The file is in the program because:
    Imported via "./local/session-record" from file '/Volumes/UserData/Users/chistyakov/Projects/SPbNIX/clinemm/sdk/packages/core/src/runtime/host/local-runtime-host.ts'
    Imported via "./session-record" from file '/Volumes/UserData/Users/chistyakov/Projects/SPbNIX/clinemm/sdk/packages/core/src/runtime/host/local/session-service-invoker.ts'
sdk/packages/core/src/runtime/host/local-runtime-host.ts(120,8): error TS6059: File '/Volumes/UserData/Users/chistyakov/Projects/SPbNIX/clinemm/sdk/packages/core/src/runtime/host/local/session-service-invoker.ts' is not under 'rootDir' '/Volumes/UserData/Users/chistyakov/Projects/SPbNIX/clinemm/apps/vscode'. 'rootDir' is expected to contain all source files.
sdk/packages/core/src/runtime/host/local-runtime-host.ts(125,8): error TS6059: File '/Volumes/UserData/Users/chistyakov/Projects/SPbNIX/clinemm/sdk/packages/core/src/runtime/host/local/spawn-tool.ts' is not under 'rootDir' '/Volumes/UserData/Users/chistyakov/Projects/SPbNIX/clinemm/apps/vscode'. 'rootDir' is expected to contain all source files.
sdk/packages/core/src/runtime/host/local-runtime-host.ts(126,37): error TS6059: File '/Volumes/UserData/Users/chistyakov/Projects/SPbNIX/clinemm/sdk/packages/core/src/runtime/host/local/user-files.ts' is not under 'rootDir' '/Volumes/UserData/Users/chistyakov/Projects/SPbNIX/clinemm/apps/vscode'. 'rootDir' is expected to contain all source files.
sdk/packages/core/src/runtime/host/runtime-host.ts(10,39): error TS6059: File '/Volumes/UserData/Users/chistyakov/Projects/SPbNIX/clinemm/sdk/packages/core/src/hooks/index.ts' is not under 'rootDir' '/Volumes/UserData/Users/chistyakov/Projects/SPbNIX/clinemm/apps/vscode'. 'rootDir' is expected to contain all source files.
  The file is in the program because:
    Imported via "../../hooks" from file '/Volumes/UserData/Users/chistyakov/Projects/SPbNIX/clinemm/sdk/packages/core/src/runtime/host/runtime-host.ts'
    Imported via "../../hooks" from file '/Volumes/UserData/Users/chistyakov/Projects/SPbNIX/clinemm/sdk/packages/core/src/session/models/session-graph.ts'
    Imported via "../../hooks" from file '/Volumes/UserData/Users/chistyakov/Projects/SPbNIX/clinemm/sdk/packages/core/src/session/services/persistence-service.ts'
    Imported via "../../hooks" from file '/Volumes/UserData/Users/chistyakov/Projects/SPbNIX/clinemm/sdk/packages/core/src/session/team/team-child-session-manager.ts'
    Imported via "../../hooks" from file '/Volumes/UserData/Users/chistyakov/Projects/SPbNIX/clinemm/sdk/packages/core/src/hub/runtime-host/hub-runtime-host.ts'
    Imported via "../../hooks" from file '/Volumes/UserData/Users/chistyakov/Projects/SPbNIX/clinemm/sdk/packages/core/src/runtime/host/runtime-host-support.ts'
    Imported via "../../hooks" from file '/Volumes/UserData/Users/chistyakov/Projects/SPbNIX/clinemm/sdk/packages/core/src/runtime/host/local-runtime-host.ts'
    Imported via "./hooks" from file '/Volumes/UserData/Users/chistyakov/Projects/SPbNIX/clinemm/sdk/packages/core/src/index.ts'
    Imported via "../../../hooks" from file '/Volumes/UserData/Users/chistyakov/Projects/SPbNIX/clinemm/sdk/packages/core/src/hub/server/handlers/run-handlers.ts'
sdk/packages/core/src/runtime/host/runtime-host.ts(11,38): error TS6059: File '/Volumes/UserData/Users/chistyakov/Projects/SPbNIX/clinemm/sdk/packages/core/src/hooks/checkpoint-hooks.ts' is not under 'rootDir' '/Volumes/UserData/Users/chistyakov/Projects/SPbNIX/clinemm/apps/vscode'. 'rootDir' is expected to contain all source files.
  The file is in the program because:
    Imported via "../../hooks/checkpoint-hooks" from file '/Volumes/UserData/Users/chistyakov/Projects/SPbNIX/clinemm/sdk/packages/core/src/runtime/host/runtime-host.ts'
    Imported via "../hooks/checkpoint-hooks" from file '/Volumes/UserData/Users/chistyakov/Projects/SPbNIX/clinemm/sdk/packages/core/src/session/session-snapshot.ts'
    Imported via "../hooks/checkpoint-hooks" from file '/Volumes/UserData/Users/chistyakov/Projects/SPbNIX/clinemm/sdk/packages/core/src/cline-core/types.ts'
    Imported via "../../hooks/checkpoint-hooks" from file '/Volumes/UserData/Users/chistyakov/Projects/SPbNIX/clinemm/sdk/packages/core/src/session/services/persistence-service.ts'
    Imported via "../hooks/checkpoint-hooks" from file '/Volumes/UserData/Users/chistyakov/Projects/SPbNIX/clinemm/sdk/packages/core/src/services/local-runtime-bootstrap.ts'
    Imported via "../hooks/checkpoint-hooks" from file '/Volumes/UserData/Users/chistyakov/Projects/SPbNIX/clinemm/sdk/packages/core/src/session/session-versioning-service.ts'
    Imported via "../hooks/checkpoint-hooks" from file '/Volumes/UserData/Users/chistyakov/Projects/SPbNIX/clinemm/sdk/packages/core/src/session/session-versioning-service.ts'
    Imported via "../hooks/checkpoint-hooks" from file '/Volumes/UserData/Users/chistyakov/Projects/SPbNIX/clinemm/sdk/packages/core/src/session/checkpoint-restore.ts'
    Imported via "../hooks/checkpoint-hooks" from file '/Volumes/UserData/Users/chistyakov/Projects/SPbNIX/clinemm/sdk/packages/core/src/session/checkpoint-restore.ts'
    Imported via "../hooks/checkpoint-hooks" from file '/Volumes/UserData/Users/chistyakov/Projects/SPbNIX/clinemm/sdk/packages/core/src/session/checkpoint-diff.ts'
    Imported via "./hooks/checkpoint-hooks" from file '/Volumes/UserData/Users/chistyakov/Projects/SPbNIX/clinemm/sdk/packages/core/src/index.ts'
    Imported via "../../hooks/checkpoint-hooks" from file '/Volumes/UserData/Users/chistyakov/Projects/SPbNIX/clinemm/sdk/packages/core/src/hub/client/session-client.ts'
sdk/packages/core/src/runtime/host/runtime-host.ts(13,45): error TS6059: File '/Volumes/UserData/Users/chistyakov/Projects/SPbNIX/clinemm/sdk/packages/core/src/session/models/session-compaction.ts' is not under 'rootDir' '/Volumes/UserData/Users/chistyakov/Projects/SPbNIX/clinemm/apps/vscode'. 'rootDir' is expected to contain all source files.
  The file is in the program because:
    Imported via "../../session/models/session-compaction" from file '/Volumes/UserData/Users/chistyakov/Projects/SPbNIX/clinemm/sdk/packages/core/src/runtime/host/runtime-host.ts'
    Imported via "../session/models/session-compaction" from file '/Volumes/UserData/Users/chistyakov/Projects/SPbNIX/clinemm/sdk/packages/core/src/types/session.ts'
    Imported via "../models/session-compaction" from file '/Volumes/UserData/Users/chistyakov/Projects/SPbNIX/clinemm/sdk/packages/core/src/session/services/persistence-service.ts'
    Imported via "../models/session-compaction" from file '/Volumes/UserData/Users/chistyakov/Projects/SPbNIX/clinemm/sdk/packages/core/src/session/stores/session-manifest-store.ts'
    Imported via "../../session/models/session-compaction" from file '/Volumes/UserData/Users/chistyakov/Projects/SPbNIX/clinemm/sdk/packages/core/src/hub/runtime-host/hub-runtime-host.ts'
    Imported via "../../session/models/session-compaction" from file '/Volumes/UserData/Users/chistyakov/Projects/SPbNIX/clinemm/sdk/packages/core/src/extensions/context/compaction.ts'
    Imported via "../../session/models/session-compaction" from file '/Volumes/UserData/Users/chistyakov/Projects/SPbNIX/clinemm/sdk/packages/core/src/runtime/host/local-runtime-host.ts'
    Imported via "../../../session/models/session-compaction" from file '/Volumes/UserData/Users/chistyakov/Projects/SPbNIX/clinemm/sdk/packages/core/src/hub/server/handlers/session-handlers.ts'
    Imported via "./session/models/session-compaction" from file '/Volumes/UserData/Users/chistyakov/Projects/SPbNIX/clinemm/sdk/packages/core/src/index.ts'
sdk/packages/core/src/runtime/host/runtime-host.ts(14,38): error TS6059: File '/Volumes/UserData/Users/chistyakov/Projects/SPbNIX/clinemm/sdk/packages/core/src/session/models/session-manifest.ts' is not under 'rootDir' '/Volumes/UserData/Users/chistyakov/Projects/SPbNIX/clinemm/apps/vscode'. 'rootDir' is expected to contain all source files.
  The file is in the program because:
    Imported via "../../session/models/session-manifest" from file '/Volumes/UserData/Users/chistyakov/Projects/SPbNIX/clinemm/sdk/packages/core/src/runtime/host/runtime-host.ts'
    Imported via "../session/models/session-manifest" from file '/Volumes/UserData/Users/chistyakov/Projects/SPbNIX/clinemm/sdk/packages/core/src/services/session-data.ts'
    Imported via "./session-manifest" from file '/Volumes/UserData/Users/chistyakov/Projects/SPbNIX/clinemm/sdk/packages/core/src/session/models/session-row.ts'
    Imported via "../models/session-manifest" from file '/Volumes/UserData/Users/chistyakov/Projects/SPbNIX/clinemm/sdk/packages/core/src/session/stores/session-manifest-store.ts'
    Imported via "../models/session-manifest" from file '/Volumes/UserData/Users/chistyakov/Projects/SPbNIX/clinemm/sdk/packages/core/src/session/services/persistence-service.ts'
    Imported via "../models/session-manifest" from file '/Volumes/UserData/Users/chistyakov/Projects/SPbNIX/clinemm/sdk/packages/core/src/session/services/persistence-service.ts'
    Imported via "../../session/models/session-manifest" from file '/Volumes/UserData/Users/chistyakov/Projects/SPbNIX/clinemm/sdk/packages/core/src/runtime/host/history.ts'
    Imported via "../../session/models/session-manifest" from file '/Volumes/UserData/Users/chistyakov/Projects/SPbNIX/clinemm/sdk/packages/core/src/runtime/host/history.ts'
    Imported via "../../session/models/session-manifest" from file '/Volumes/UserData/Users/chistyakov/Projects/SPbNIX/clinemm/sdk/packages/core/src/hub/runtime-host/hub-runtime-host.ts'
    Imported via "../../session/models/session-manifest" from file '/Volumes/UserData/Users/chistyakov/Projects/SPbNIX/clinemm/sdk/packages/core/src/runtime/host/local-runtime-host.ts'
    Imported via "./session/models/session-manifest" from file '/Volumes/UserData/Users/chistyakov/Projects/SPbNIX/clinemm/sdk/packages/core/src/index.ts'
    Imported via "./session/models/session-manifest" from file '/Volumes/UserData/Users/chistyakov/Projects/SPbNIX/clinemm/sdk/packages/core/src/types.ts'
sdk/packages/core/src/runtime/host/runtime-host.ts(23,8): error TS6059: File '/Volumes/UserData/Users/chistyakov/Projects/SPbNIX/clinemm/sdk/packages/core/src/types/events.ts' is not under 'rootDir' '/Volumes/UserData/Users/chistyakov/Projects/SPbNIX/clinemm/apps/vscode'. 'rootDir' is expected to contain all source files.
  The file is in the program because:
    Imported via "../../types/events" from file '/Volumes/UserData/Users/chistyakov/Projects/SPbNIX/clinemm/sdk/packages/core/src/runtime/host/runtime-host.ts'
    Imported via "../../types/events" from file '/Volumes/UserData/Users/chistyakov/Projects/SPbNIX/clinemm/sdk/packages/core/src/session/team/team-session-coordinator.ts'
    Imported via "../../types/events" from file '/Volumes/UserData/Users/chistyakov/Projects/SPbNIX/clinemm/sdk/packages/core/src/runtime/host/runtime-host-support.ts'
    Imported via "../../types/events" from file '/Volumes/UserData/Users/chistyakov/Projects/SPbNIX/clinemm/sdk/packages/core/src/hub/runtime-host/hub-runtime-host.ts'
    Imported via "../types/events" from file '/Volumes/UserData/Users/chistyakov/Projects/SPbNIX/clinemm/sdk/packages/core/src/services/agent-events.ts'
    Imported via "../../types/events" from file '/Volumes/UserData/Users/chistyakov/Projects/SPbNIX/clinemm/sdk/packages/core/src/runtime/host/local-runtime-host.ts'
    Imported via "../../types/events" from file '/Volumes/UserData/Users/chistyakov/Projects/SPbNIX/clinemm/sdk/packages/core/src/runtime/turn-queue/pending-prompt-service.ts'
    Imported via "../../../types/events" from file '/Volumes/UserData/Users/chistyakov/Projects/SPbNIX/clinemm/sdk/packages/core/src/runtime/host/local/agent-event-bridge.ts'
    Imported via "./types/events" from file '/Volumes/UserData/Users/chistyakov/Projects/SPbNIX/clinemm/sdk/packages/core/src/ClineCore.ts'
    Imported via "../../types/events" from file '/Volumes/UserData/Users/chistyakov/Projects/SPbNIX/clinemm/sdk/packages/core/src/hub/server/hub-server-transport.ts'
    Imported via "../../../types/events" from file '/Volumes/UserData/Users/chistyakov/Projects/SPbNIX/clinemm/sdk/packages/core/src/hub/server/handlers/session-event-projector.ts'
    Imported via "./types/events" from file '/Volumes/UserData/Users/chistyakov/Projects/SPbNIX/clinemm/sdk/packages/core/src/types.ts'
    Imported via "./types/events" from file '/Volumes/UserData/Users/chistyakov/Projects/SPbNIX/clinemm/sdk/packages/core/src/index.ts'
sdk/packages/core/src/runtime/host/runtime-host.ts(25,42): error TS6059: File '/Volumes/UserData/Users/chistyakov/Projects/SPbNIX/clinemm/sdk/packages/core/src/runtime/capabilities/index.ts' is not under 'rootDir' '/Volumes/UserData/Users/chistyakov/Projects/SPbNIX/clinemm/apps/vscode'. 'rootDir' is expected to contain all source files.
  The file is in the program because:
    Imported via "../capabilities" from file '/Volumes/UserData/Users/chistyakov/Projects/SPbNIX/clinemm/sdk/packages/core/src/runtime/host/runtime-host.ts'
    Imported via "../runtime/capabilities" from file '/Volumes/UserData/Users/chistyakov/Projects/SPbNIX/clinemm/sdk/packages/core/src/cline-core/types.ts'
    Imported via "../../runtime/capabilities" from file '/Volumes/UserData/Users/chistyakov/Projects/SPbNIX/clinemm/sdk/packages/core/src/hub/runtime-host/hub-runtime-host.ts'
    Imported via "../../runtime/capabilities" from file '/Volumes/UserData/Users/chistyakov/Projects/SPbNIX/clinemm/sdk/packages/core/src/hub/runtime-host/hub-runtime-host.ts'
    Imported via "../runtime/capabilities" from file '/Volumes/UserData/Users/chistyakov/Projects/SPbNIX/clinemm/sdk/packages/core/src/services/local-runtime-bootstrap.ts'
    Imported via "../runtime/capabilities" from file '/Volumes/UserData/Users/chistyakov/Projects/SPbNIX/clinemm/sdk/packages/core/src/services/local-runtime-bootstrap.ts'
    Imported via "../capabilities" from file '/Volumes/UserData/Users/chistyakov/Projects/SPbNIX/clinemm/sdk/packages/core/src/runtime/host/local-runtime-host.ts'
    Imported via "../capabilities" from file '/Volumes/UserData/Users/chistyakov/Projects/SPbNIX/clinemm/sdk/packages/core/src/runtime/host/local-runtime-host.ts'
    Imported via "../runtime/capabilities" from file '/Volumes/UserData/Users/chistyakov/Projects/SPbNIX/clinemm/sdk/packages/core/src/cline-core/start-input.ts'
    Imported via "../runtime/capabilities" from file '/Volumes/UserData/Users/chistyakov/Projects/SPbNIX/clinemm/sdk/packages/core/src/cline-core/start-input.ts'
    Imported via "./runtime/capabilities" from file '/Volumes/UserData/Users/chistyakov/Projects/SPbNIX/clinemm/sdk/packages/core/src/ClineCore.ts'
    Imported via "./runtime/capabilities" from file '/Volumes/UserData/Users/chistyakov/Projects/SPbNIX/clinemm/sdk/packages/core/src/ClineCore.ts'
    Imported via "./runtime/capabilities" from file '/Volumes/UserData/Users/chistyakov/Projects/SPbNIX/clinemm/sdk/packages/core/src/index.ts'
    Imported via "./runtime/capabilities" from file '/Volumes/UserData/Users/chistyakov/Projects/SPbNIX/clinemm/sdk/packages/core/src/index.ts'
    Imported via "./runtime/capabilities" from file '/Volumes/UserData/Users/chistyakov/Projects/SPbNIX/clinemm/sdk/packages/core/src/types.ts'
sdk/packages/core/src/runtime/host/runtime-host.ts(149,34): error TS6059: File '/Volumes/UserData/Users/chistyakov/Projects/SPbNIX/clinemm/sdk/packages/core/src/extensions/config/index.ts' is not under 'rootDir' '/Volumes/UserData/Users/chistyakov/Projects/SPbNIX/clinemm/apps/vscode'. 'rootDir' is expected to contain all source files.
  The file is in the program because:
    Imported via "../../extensions/config" from file '/Volumes/UserData/Users/chistyakov/Projects/SPbNIX/clinemm/sdk/packages/core/src/runtime/host/runtime-host.ts'
    Imported via "../../extensions/config" from file '/Volumes/UserData/Users/chistyakov/Projects/SPbNIX/clinemm/sdk/packages/core/src/runtime/orchestration/session-runtime.ts'
    Imported via "../extensions/config" from file '/Volumes/UserData/Users/chistyakov/Projects/SPbNIX/clinemm/sdk/packages/core/src/settings/settings-service.ts'
    Imported via "../extensions/config" from file '/Volumes/UserData/Users/chistyakov/Projects/SPbNIX/clinemm/sdk/packages/core/src/settings/types.ts'
    Imported via "../../extensions/config" from file '/Volumes/UserData/Users/chistyakov/Projects/SPbNIX/clinemm/sdk/packages/core/src/runtime/orchestration/runtime-builder.ts'
    Imported via "./extensions/config" from file '/Volumes/UserData/Users/chistyakov/Projects/SPbNIX/clinemm/sdk/packages/core/src/index.ts'
    Imported via "./extensions/config" from file '/Volumes/UserData/Users/chistyakov/Projects/SPbNIX/clinemm/sdk/packages/core/src/index.ts'
    Imported via "../../extensions/config" from file '/Volumes/UserData/Users/chistyakov/Projects/SPbNIX/clinemm/sdk/packages/core/src/hub/server/hub-client-contributions.ts'
    Imported via "./extensions/config" from file '/Volumes/UserData/Users/chistyakov/Projects/SPbNIX/clinemm/sdk/packages/core/src/types.ts'
    Imported via "./extensions/config" from file '/Volumes/UserData/Users/chistyakov/Projects/SPbNIX/clinemm/sdk/packages/core/src/types.ts'
sdk/packages/core/src/runtime/orchestration/runtime-builder.ts(50,38): error TS6059: File '/Volumes/UserData/Users/chistyakov/Projects/SPbNIX/clinemm/sdk/packages/core/src/services/storage/team-store.ts' is not under 'rootDir' '/Volumes/UserData/Users/chistyakov/Projects/SPbNIX/clinemm/apps/vscode'. 'rootDir' is expected to contain all source files.
  The file is in the program because:
    Imported via "../../services/storage/team-store" from file '/Volumes/UserData/Users/chistyakov/Projects/SPbNIX/clinemm/sdk/packages/core/src/runtime/orchestration/runtime-builder.ts'
    Imported via "./services/storage/team-store" from file '/Volumes/UserData/Users/chistyakov/Projects/SPbNIX/clinemm/sdk/packages/core/src/index.ts'
sdk/packages/core/src/runtime/orchestration/session-runtime-orchestrator.ts(55,37): error TS6059: File '/Volumes/UserData/Users/chistyakov/Projects/SPbNIX/clinemm/sdk/packages/core/src/services/global-settings.ts' is not under 'rootDir' '/Volumes/UserData/Users/chistyakov/Projects/SPbNIX/clinemm/apps/vscode'. 'rootDir' is expected to contain all source files.
  The file is in the program because:
    Imported via "../../services/global-settings" from file '/Volumes/UserData/Users/chistyakov/Projects/SPbNIX/clinemm/sdk/packages/core/src/runtime/orchestration/session-runtime-orchestrator.ts'
    Imported via "../../services/global-settings" from file '/Volumes/UserData/Users/chistyakov/Projects/SPbNIX/clinemm/sdk/packages/core/src/extensions/plugin/plugin-config-loader.ts'
    Imported via "../services/global-settings" from file '/Volumes/UserData/Users/chistyakov/Projects/SPbNIX/clinemm/sdk/packages/core/src/settings/settings-service.ts'
    Imported via "./global-settings" from file '/Volumes/UserData/Users/chistyakov/Projects/SPbNIX/clinemm/sdk/packages/core/src/services/plugin-tools.ts'
    Imported via "./global-settings" from file '/Volumes/UserData/Users/chistyakov/Projects/SPbNIX/clinemm/sdk/packages/core/src/services/local-runtime-bootstrap.ts'
    Imported via "../../services/global-settings" from file '/Volumes/UserData/Users/chistyakov/Projects/SPbNIX/clinemm/sdk/packages/core/src/runtime/orchestration/runtime-builder.ts'
    Imported via "../../../services/global-settings" from file '/Volumes/UserData/Users/chistyakov/Projects/SPbNIX/clinemm/sdk/packages/core/src/runtime/host/local/spawn-tool.ts'
    Imported via "../global-settings" from file '/Volumes/UserData/Users/chistyakov/Projects/SPbNIX/clinemm/sdk/packages/core/src/services/telemetry/OpenTelemetryProvider.ts'
    Imported via "./services/global-settings" from file '/Volumes/UserData/Users/chistyakov/Projects/SPbNIX/clinemm/sdk/packages/core/src/index.ts'
    Imported via "./services/global-settings" from file '/Volumes/UserData/Users/chistyakov/Projects/SPbNIX/clinemm/sdk/packages/core/src/index.ts'
    Imported via "./global-settings" from file '/Volumes/UserData/Users/chistyakov/Projects/SPbNIX/clinemm/sdk/packages/core/src/services/plugin-uninstall.ts'
    Imported via "./services/global-settings" from file '/Volumes/UserData/Users/chistyakov/Projects/SPbNIX/clinemm/sdk/packages/core/src/types.ts'
    Imported via "./services/global-settings" from file '/Volumes/UserData/Users/chistyakov/Projects/SPbNIX/clinemm/sdk/packages/core/src/types.ts'
sdk/packages/core/src/runtime/orchestration/session-runtime-orchestrator.ts(59,8): error TS6059: File '/Volumes/UserData/Users/chistyakov/Projects/SPbNIX/clinemm/sdk/packages/core/src/services/llms/handler-factory.ts' is not under 'rootDir' '/Volumes/UserData/Users/chistyakov/Projects/SPbNIX/clinemm/apps/vscode'. 'rootDir' is expected to contain all source files.
sdk/packages/core/src/runtime/orchestration/session-runtime-orchestrator.ts(67,8): error TS6059: File '/Volumes/UserData/Users/chistyakov/Projects/SPbNIX/clinemm/sdk/packages/core/src/session/services/message-builder.ts' is not under 'rootDir' '/Volumes/UserData/Users/chistyakov/Projects/SPbNIX/clinemm/apps/vscode'. 'rootDir' is expected to contain all source files.
sdk/packages/core/src/runtime/orchestration/session-runtime-orchestrator.ts(68,35): error TS6059: File '/Volumes/UserData/Users/chistyakov/Projects/SPbNIX/clinemm/sdk/packages/core/src/session/stores/conversation-store.ts' is not under 'rootDir' '/Volumes/UserData/Users/chistyakov/Projects/SPbNIX/clinemm/apps/vscode'. 'rootDir' is expected to contain all source files.
sdk/packages/core/src/runtime/orchestration/session-runtime-orchestrator.ts(74,42): error TS6059: File '/Volumes/UserData/Users/chistyakov/Projects/SPbNIX/clinemm/sdk/packages/core/src/runtime/config/agent-runtime-config-builder.ts' is not under 'rootDir' '/Volumes/UserData/Users/chistyakov/Projects/SPbNIX/clinemm/apps/vscode'. 'rootDir' is expected to contain all source files.
sdk/packages/core/src/runtime/orchestration/session-runtime-orchestrator.ts(78,8): error TS6059: File '/Volumes/UserData/Users/chistyakov/Projects/SPbNIX/clinemm/sdk/packages/core/src/runtime/config/connection-update.ts' is not under 'rootDir' '/Volumes/UserData/Users/chistyakov/Projects/SPbNIX/clinemm/apps/vscode'. 'rootDir' is expected to contain all source files.
  The file is in the program because:
    Imported via "../config/connection-update" from file '/Volumes/UserData/Users/chistyakov/Projects/SPbNIX/clinemm/sdk/packages/core/src/runtime/orchestration/session-runtime-orchestrator.ts'
    Imported via "../config/connection-update" from file '/Volumes/UserData/Users/chistyakov/Projects/SPbNIX/clinemm/sdk/packages/core/src/runtime/host/runtime-host.ts'
    Imported via "../config/connection-update" from file '/Volumes/UserData/Users/chistyakov/Projects/SPbNIX/clinemm/sdk/packages/core/src/runtime/host/local-runtime-host.ts'
    Imported via "../../../runtime/config/connection-update" from file '/Volumes/UserData/Users/chistyakov/Projects/SPbNIX/clinemm/sdk/packages/core/src/hub/server/handlers/session-handlers.ts'
    Imported via "./runtime/config/connection-update" from file '/Volumes/UserData/Users/chistyakov/Projects/SPbNIX/clinemm/sdk/packages/core/src/index.ts'
    Imported via "./runtime/config/connection-update" from file '/Volumes/UserData/Users/chistyakov/Projects/SPbNIX/clinemm/sdk/packages/core/src/index.ts'
sdk/packages/core/src/runtime/orchestration/session-runtime-orchestrator.ts(79,38): error TS6059: File '/Volumes/UserData/Users/chistyakov/Projects/SPbNIX/clinemm/sdk/packages/core/src/runtime/safety/loop-detection.ts' is not under 'rootDir' '/Volumes/UserData/Users/chistyakov/Projects/SPbNIX/clinemm/apps/vscode'. 'rootDir' is expected to contain all source files.
sdk/packages/core/src/runtime/orchestration/session-runtime-orchestrator.ts(80,32): error TS6059: File '/Volumes/UserData/Users/chistyakov/Projects/SPbNIX/clinemm/sdk/packages/core/src/runtime/safety/mistake-tracker.ts' is not under 'rootDir' '/Volumes/UserData/Users/chistyakov/Projects/SPbNIX/clinemm/apps/vscode'. 'rootDir' is expected to contain all source files.
sdk/packages/core/src/runtime/orchestration/session-runtime-orchestrator.ts(81,37): error TS6059: File '/Volumes/UserData/Users/chistyakov/Projects/SPbNIX/clinemm/sdk/packages/core/src/runtime/orchestration/runtime-event-adapter.ts' is not under 'rootDir' '/Volumes/UserData/Users/chistyakov/Projects/SPbNIX/clinemm/apps/vscode'. 'rootDir' is expected to contain all source files.
sdk/packages/core/src/runtime/orchestration/session-runtime-orchestrator.ts(1615,51): error TS6059: File '/Volumes/UserData/Users/chistyakov/Projects/SPbNIX/clinemm/sdk/packages/core/src/runtime/orchestration/user-input-builder.ts' is not under 'rootDir' '/Volumes/UserData/Users/chistyakov/Projects/SPbNIX/clinemm/apps/vscode'. 'rootDir' is expected to contain all source files.
sdk/packages/core/src/runtime/orchestration/session-runtime.ts(26,39): error TS6059: File '/Volumes/UserData/Users/chistyakov/Projects/SPbNIX/clinemm/sdk/packages/core/src/services/workspace/workspace-manager.ts' is not under 'rootDir' '/Volumes/UserData/Users/chistyakov/Projects/SPbNIX/clinemm/apps/vscode'. 'rootDir' is expected to contain all source files.
  The file is in the program because:
    Imported via "../../services/workspace/workspace-manager" from file '/Volumes/UserData/Users/chistyakov/Projects/SPbNIX/clinemm/sdk/packages/core/src/runtime/orchestration/session-runtime.ts'
    Imported via "./workspace/workspace-manager" from file '/Volumes/UserData/Users/chistyakov/Projects/SPbNIX/clinemm/sdk/packages/core/src/services/local-runtime-bootstrap.ts'
    Imported via "./services/workspace/workspace-manager" from file '/Volumes/UserData/Users/chistyakov/Projects/SPbNIX/clinemm/sdk/packages/core/src/index.ts'
    Imported via "./services/workspace/workspace-manager" from file '/Volumes/UserData/Users/chistyakov/Projects/SPbNIX/clinemm/sdk/packages/core/src/index.ts'
    Imported via "./services/workspace/workspace-manager" from file '/Volumes/UserData/Users/chistyakov/Projects/SPbNIX/clinemm/sdk/packages/core/src/types.ts'
sdk/packages/core/src/runtime/safety/rules.ts(4,8): error TS6059: File '/Volumes/UserData/Users/chistyakov/Projects/SPbNIX/clinemm/sdk/packages/core/src/extensions/config/user-instruction-config-loader.ts' is not under 'rootDir' '/Volumes/UserData/Users/chistyakov/Projects/SPbNIX/clinemm/apps/vscode'. 'rootDir' is expected to contain all source files.
  The file is in the program because:
    Imported via "../../extensions/config/user-instruction-config-loader" from file '/Volumes/UserData/Users/chistyakov/Projects/SPbNIX/clinemm/sdk/packages/core/src/runtime/safety/rules.ts'
    Imported via "./user-instruction-config-loader" from file '/Volumes/UserData/Users/chistyakov/Projects/SPbNIX/clinemm/sdk/packages/core/src/extensions/config/runtime-commands.ts'
    Imported via "./user-instruction-config-loader" from file '/Volumes/UserData/Users/chistyakov/Projects/SPbNIX/clinemm/sdk/packages/core/src/extensions/config/index.ts'
    Imported via "./user-instruction-config-loader" from file '/Volumes/UserData/Users/chistyakov/Projects/SPbNIX/clinemm/sdk/packages/core/src/extensions/config/index.ts'
    Imported via "./user-instruction-config-loader" from file '/Volumes/UserData/Users/chistyakov/Projects/SPbNIX/clinemm/sdk/packages/core/src/extensions/config/user-instruction-service.ts'
    Imported via "./user-instruction-config-loader" from file '/Volumes/UserData/Users/chistyakov/Projects/SPbNIX/clinemm/sdk/packages/core/src/extensions/config/user-instruction-plugin.ts'
sdk/packages/core/src/runtime/sandbox/macos/seatbelt-backend.ts(45,8): error TS6059: File '/Volumes/UserData/Users/chistyakov/Projects/SPbNIX/clinemm/sdk/packages/core/src/runtime/sandbox/macos/seatbelt-availability.ts' is not under 'rootDir' '/Volumes/UserData/Users/chistyakov/Projects/SPbNIX/clinemm/apps/vscode'. 'rootDir' is expected to contain all source files.
sdk/packages/core/src/runtime/sandbox/macos/seatbelt-backend.ts(52,41): error TS6059: File '/Volumes/UserData/Users/chistyakov/Projects/SPbNIX/clinemm/sdk/packages/core/src/runtime/sandbox/macos/seatbelt-profile.ts' is not under 'rootDir' '/Volumes/UserData/Users/chistyakov/Projects/SPbNIX/clinemm/apps/vscode'. 'rootDir' is expected to contain all source files.
sdk/packages/core/src/runtime/sandbox/sandbox-backend.ts(91,5): error TS6059: File '/Volumes/UserData/Users/chistyakov/Projects/SPbNIX/clinemm/sdk/packages/core/src/runtime/sandbox/macos/seatbelt-backend.ts' is not under 'rootDir' '/Volumes/UserData/Users/chistyakov/Projects/SPbNIX/clinemm/apps/vscode'. 'rootDir' is expected to contain all source files.
  The file is in the program because:
    Imported via "./macos/seatbelt-backend" from file '/Volumes/UserData/Users/chistyakov/Projects/SPbNIX/clinemm/sdk/packages/core/src/runtime/sandbox/sandbox-backend.ts'
    Imported via "./runtime/sandbox/macos/seatbelt-backend" from file '/Volumes/UserData/Users/chistyakov/Projects/SPbNIX/clinemm/sdk/packages/core/src/index.ts'
    Imported via "./runtime/sandbox/macos/seatbelt-backend" from file '/Volumes/UserData/Users/chistyakov/Projects/SPbNIX/clinemm/sdk/packages/core/src/index.ts'
    Imported via "../../../../sdk/packages/core/src/runtime/sandbox/macos/seatbelt-backend" from file '/Volumes/UserData/Users/chistyakov/Projects/SPbNIX/clinemm/apps/vscode/src/test/cline-core-vitest-stub.ts'
sdk/packages/core/src/runtime/tools/subprocess-sandbox.ts(10,8): error TS6059: File '/Volumes/UserData/Users/chistyakov/Projects/SPbNIX/clinemm/sdk/packages/core/src/runtime/tools/subprocess-sandbox-lifecycle.ts' is not under 'rootDir' '/Volumes/UserData/Users/chistyakov/Projects/SPbNIX/clinemm/apps/vscode'. 'rootDir' is expected to contain all source files.
  The file is in the program because:
    Imported via "./subprocess-sandbox-lifecycle" from file '/Volumes/UserData/Users/chistyakov/Projects/SPbNIX/clinemm/sdk/packages/core/src/runtime/tools/subprocess-sandbox.ts'
    Imported via "../../runtime/tools/subprocess-sandbox-lifecycle" from file '/Volumes/UserData/Users/chistyakov/Projects/SPbNIX/clinemm/sdk/packages/core/src/extensions/plugin/plugin-sandbox.ts'
sdk/packages/core/src/services/agent-events.ts(19,8): error TS6059: File '/Volumes/UserData/Users/chistyakov/Projects/SPbNIX/clinemm/sdk/packages/core/src/services/usage.ts' is not under 'rootDir' '/Volumes/UserData/Users/chistyakov/Projects/SPbNIX/clinemm/apps/vscode'. 'rootDir' is expected to contain all source files.
  The file is in the program because:
    Imported via "./usage" from file '/Volumes/UserData/Users/chistyakov/Projects/SPbNIX/clinemm/sdk/packages/core/src/services/agent-events.ts'
    Imported via "../../services/usage" from file '/Volumes/UserData/Users/chistyakov/Projects/SPbNIX/clinemm/sdk/packages/core/src/runtime/host/local-runtime-host.ts'
    Imported via "./services/usage" from file '/Volumes/UserData/Users/chistyakov/Projects/SPbNIX/clinemm/sdk/packages/core/src/index.ts'
sdk/packages/core/src/services/connectors/active-connectors.ts(5,10): error TS2305: Module '"@cline/shared/storage"' has no exported member 'resolveConnectorDataDir'.
sdk/packages/core/src/services/connectors/connector-supervisor.ts(14,2): error TS2305: Module '"@cline/shared/storage"' has no exported member 'ensureParentDir'.
sdk/packages/core/src/services/connectors/connector-supervisor.ts(15,2): error TS2305: Module '"@cline/shared/storage"' has no exported member 'resolveConnectorLogPath'.
sdk/packages/core/src/services/connectors/connector-supervisor.ts(21,8): error TS6059: File '/Volumes/UserData/Users/chistyakov/Projects/SPbNIX/clinemm/sdk/packages/core/src/services/connectors/connector-autostart.ts' is not under 'rootDir' '/Volumes/UserData/Users/chistyakov/Projects/SPbNIX/clinemm/apps/vscode'. 'rootDir' is expected to contain all source files.
  The file is in the program because:
    Imported via "./connector-autostart" from file '/Volumes/UserData/Users/chistyakov/Projects/SPbNIX/clinemm/sdk/packages/core/src/services/connectors/connector-supervisor.ts'
    Imported via "./services/connectors/connector-autostart" from file '/Volumes/UserData/Users/chistyakov/Projects/SPbNIX/clinemm/sdk/packages/core/src/index.ts'
sdk/packages/core/src/services/connectors/connector-supervisor.ts(22,40): error TS6059: File '/Volumes/UserData/Users/chistyakov/Projects/SPbNIX/clinemm/sdk/packages/core/src/services/connectors/connector-child-env.ts' is not under 'rootDir' '/Volumes/UserData/Users/chistyakov/Projects/SPbNIX/clinemm/apps/vscode'. 'rootDir' is expected to contain all source files.
  The file is in the program because:
    Imported via "./connector-child-env" from file '/Volumes/UserData/Users/chistyakov/Projects/SPbNIX/clinemm/sdk/packages/core/src/services/connectors/connector-supervisor.ts'
    Imported via "./services/connectors/connector-child-env" from file '/Volumes/UserData/Users/chistyakov/Projects/SPbNIX/clinemm/sdk/packages/core/src/index.ts'
    Imported via "./connector-child-env" from file '/Volumes/UserData/Users/chistyakov/Projects/SPbNIX/clinemm/sdk/packages/core/src/services/connectors/connector-cleanup.ts'
sdk/packages/core/src/services/feature-flags/index.ts(4,8): error TS6059: File '/Volumes/UserData/Users/chistyakov/Projects/SPbNIX/clinemm/sdk/packages/core/src/services/feature-flags/FeatureFlagsService.ts' is not under 'rootDir' '/Volumes/UserData/Users/chistyakov/Projects/SPbNIX/clinemm/apps/vscode'. 'rootDir' is expected to contain all source files.
sdk/packages/core/src/services/feature-flags/index.ts(5,42): error TS6059: File '/Volumes/UserData/Users/chistyakov/Projects/SPbNIX/clinemm/sdk/packages/core/src/services/feature-flags/providers.ts' is not under 'rootDir' '/Volumes/UserData/Users/chistyakov/Projects/SPbNIX/clinemm/apps/vscode'. 'rootDir' is expected to contain all source files.
sdk/packages/core/src/services/llms/apihandler-agent-model-adapter.ts(27,41): error TS6059: File '/Volumes/UserData/Users/chistyakov/Projects/SPbNIX/clinemm/sdk/packages/core/src/runtime/config/agent-message-codec.ts' is not under 'rootDir' '/Volumes/UserData/Users/chistyakov/Projects/SPbNIX/clinemm/apps/vscode'. 'rootDir' is expected to contain all source files.
  The file is in the program because:
    Imported via "../../runtime/config/agent-message-codec" from file '/Volumes/UserData/Users/chistyakov/Projects/SPbNIX/clinemm/sdk/packages/core/src/services/llms/apihandler-agent-model-adapter.ts'
    Imported via "../config/agent-message-codec" from file '/Volumes/UserData/Users/chistyakov/Projects/SPbNIX/clinemm/sdk/packages/core/src/runtime/orchestration/session-runtime-orchestrator.ts'
sdk/packages/core/src/services/llms/handler-factory.ts(16,48): error TS6059: File '/Volumes/UserData/Users/chistyakov/Projects/SPbNIX/clinemm/sdk/packages/core/src/services/llms/apihandler-agent-model-adapter.ts' is not under 'rootDir' '/Volumes/UserData/Users/chistyakov/Projects/SPbNIX/clinemm/apps/vscode'. 'rootDir' is expected to contain all source files.
sdk/packages/core/src/services/llms/provider-defaults.ts(7,8): error TS6059: File '/Volumes/UserData/Users/chistyakov/Projects/SPbNIX/clinemm/sdk/packages/core/src/services/providers/model-source.ts' is not under 'rootDir' '/Volumes/UserData/Users/chistyakov/Projects/SPbNIX/clinemm/apps/vscode'. 'rootDir' is expected to contain all source files.
  The file is in the program because:
    Imported via "../providers/model-source" from file '/Volumes/UserData/Users/chistyakov/Projects/SPbNIX/clinemm/sdk/packages/core/src/services/llms/provider-defaults.ts'
    Imported via "./model-source" from file '/Volumes/UserData/Users/chistyakov/Projects/SPbNIX/clinemm/sdk/packages/core/src/services/providers/local-provider-service.ts'
sdk/packages/core/src/services/llms/provider-defaults.ts(13,8): error TS6059: File '/Volumes/UserData/Users/chistyakov/Projects/SPbNIX/clinemm/sdk/packages/core/src/services/llms/provider-settings.ts' is not under 'rootDir' '/Volumes/UserData/Users/chistyakov/Projects/SPbNIX/clinemm/apps/vscode'. 'rootDir' is expected to contain all source files.
  The file is in the program because:
    Imported via "./provider-settings" from file '/Volumes/UserData/Users/chistyakov/Projects/SPbNIX/clinemm/sdk/packages/core/src/services/llms/provider-defaults.ts'
    Imported via "./provider-settings" from file '/Volumes/UserData/Users/chistyakov/Projects/SPbNIX/clinemm/sdk/packages/core/src/services/llms/handler-factory.ts'
    Imported via "../services/llms/provider-settings" from file '/Volumes/UserData/Users/chistyakov/Projects/SPbNIX/clinemm/sdk/packages/core/src/types/provider-settings.ts'
    Imported via "../../services/llms/provider-settings" from file '/Volumes/UserData/Users/chistyakov/Projects/SPbNIX/clinemm/sdk/packages/core/src/runtime/host/runtime-host.ts'
    Imported via "../services/llms/provider-settings" from file '/Volumes/UserData/Users/chistyakov/Projects/SPbNIX/clinemm/sdk/packages/core/src/cline-core/automation.ts'
    Imported via "./provider-settings" from file '/Volumes/UserData/Users/chistyakov/Projects/SPbNIX/clinemm/sdk/packages/core/src/services/llms/cline-recommended-models.ts'
    Imported via "../../services/llms/provider-settings" from file '/Volumes/UserData/Users/chistyakov/Projects/SPbNIX/clinemm/sdk/packages/core/src/services/providers/local-provider-service.ts'
    Imported via "../llms/provider-settings" from file '/Volumes/UserData/Users/chistyakov/Projects/SPbNIX/clinemm/sdk/packages/core/src/services/providers/provider-readiness.ts'
    Imported via "./services/llms/provider-settings" from file '/Volumes/UserData/Users/chistyakov/Projects/SPbNIX/clinemm/sdk/packages/core/src/index.ts'
    Imported via "./services/llms/provider-settings" from file '/Volumes/UserData/Users/chistyakov/Projects/SPbNIX/clinemm/sdk/packages/core/src/index.ts'
    Imported via "./provider-settings" from file '/Volumes/UserData/Users/chistyakov/Projects/SPbNIX/clinemm/sdk/packages/core/src/services/llms/runtime-types.ts'
    Imported via "./provider-settings" from file '/Volumes/UserData/Users/chistyakov/Projects/SPbNIX/clinemm/sdk/packages/core/src/services/llms/configured-provider-registry.ts'
sdk/packages/core/src/services/llms/provider-settings.ts(7,8): error TS6059: File '/Volumes/UserData/Users/chistyakov/Projects/SPbNIX/clinemm/sdk/packages/core/src/auth/oca.ts' is not under 'rootDir' '/Volumes/UserData/Users/chistyakov/Projects/SPbNIX/clinemm/apps/vscode'. 'rootDir' is expected to contain all source files.
  The file is in the program because:
    Imported via "../../auth/oca" from file '/Volumes/UserData/Users/chistyakov/Projects/SPbNIX/clinemm/sdk/packages/core/src/services/llms/provider-settings.ts'
    Imported via "./auth/oca" from file '/Volumes/UserData/Users/chistyakov/Projects/SPbNIX/clinemm/sdk/packages/core/src/index.ts'
    Imported via "./oca" from file '/Volumes/UserData/Users/chistyakov/Projects/SPbNIX/clinemm/sdk/packages/core/src/auth/provider-auth-registry.ts'
sdk/packages/core/src/services/llms/provider-settings.ts(8,44): error TS6059: File '/Volumes/UserData/Users/chistyakov/Projects/SPbNIX/clinemm/sdk/packages/core/src/auth/provider-auth-registry.ts' is not under 'rootDir' '/Volumes/UserData/Users/chistyakov/Projects/SPbNIX/clinemm/apps/vscode'. 'rootDir' is expected to contain all source files.
  The file is in the program because:
    Imported via "../../auth/provider-auth-registry" from file '/Volumes/UserData/Users/chistyakov/Projects/SPbNIX/clinemm/sdk/packages/core/src/services/llms/provider-settings.ts'
    Imported via "./auth/provider-auth-registry" from file '/Volumes/UserData/Users/chistyakov/Projects/SPbNIX/clinemm/sdk/packages/core/src/index.ts'
    Imported via "../../auth/provider-auth-registry" from file '/Volumes/UserData/Users/chistyakov/Projects/SPbNIX/clinemm/sdk/packages/core/src/runtime/host/local-runtime-host.ts'
    Imported via "../../auth/provider-auth-registry" from file '/Volumes/UserData/Users/chistyakov/Projects/SPbNIX/clinemm/sdk/packages/core/src/runtime/orchestration/runtime-oauth-token-manager.ts'
    Imported via "../../auth/provider-auth-registry" from file '/Volumes/UserData/Users/chistyakov/Projects/SPbNIX/clinemm/sdk/packages/core/src/services/providers/local-provider-service.ts'
    Imported via "../../auth/provider-auth-registry" from file '/Volumes/UserData/Users/chistyakov/Projects/SPbNIX/clinemm/sdk/packages/core/src/services/providers/provider-readiness.ts'
    Imported via "../../auth/provider-auth-registry" from file '/Volumes/UserData/Users/chistyakov/Projects/SPbNIX/clinemm/sdk/packages/core/src/services/providers/provider-config-fields.ts'
    Imported via "../../auth/provider-auth-registry" from file '/Volumes/UserData/Users/chistyakov/Projects/SPbNIX/clinemm/sdk/packages/core/src/services/storage/provider-settings-manager.ts'
sdk/packages/core/src/services/llms/runtime-config.ts(3,33): error TS6059: File '/Volumes/UserData/Users/chistyakov/Projects/SPbNIX/clinemm/sdk/packages/core/src/services/llms/runtime-types.ts' is not under 'rootDir' '/Volumes/UserData/Users/chistyakov/Projects/SPbNIX/clinemm/apps/vscode'. 'rootDir' is expected to contain all source files.
  The file is in the program because:
    Imported via "./runtime-types" from file '/Volumes/UserData/Users/chistyakov/Projects/SPbNIX/clinemm/sdk/packages/core/src/services/llms/runtime-config.ts'
    Imported via "./runtime-types" from file '/Volumes/UserData/Users/chistyakov/Projects/SPbNIX/clinemm/sdk/packages/core/src/services/llms/configured-provider-registry.ts'
    Imported via "./runtime-types" from file '/Volumes/UserData/Users/chistyakov/Projects/SPbNIX/clinemm/sdk/packages/core/src/services/llms/runtime-registry.ts'
    Imported via "./services/llms/runtime-types" from file '/Volumes/UserData/Users/chistyakov/Projects/SPbNIX/clinemm/sdk/packages/core/src/index.ts'
sdk/packages/core/src/services/llms/runtime-registry.ts(16,8): error TS6059: File '/Volumes/UserData/Users/chistyakov/Projects/SPbNIX/clinemm/sdk/packages/core/src/services/llms/configured-provider-registry.ts' is not under 'rootDir' '/Volumes/UserData/Users/chistyakov/Projects/SPbNIX/clinemm/apps/vscode'. 'rootDir' is expected to contain all source files.
sdk/packages/core/src/services/local-runtime-bootstrap.ts(58,49): error TS6059: File '/Volumes/UserData/Users/chistyakov/Projects/SPbNIX/clinemm/sdk/packages/core/src/services/workspace/workspace-telemetry.ts' is not under 'rootDir' '/Volumes/UserData/Users/chistyakov/Projects/SPbNIX/clinemm/apps/vscode'. 'rootDir' is expected to contain all source files.
sdk/packages/core/src/services/marketplace.ts(5,10): error TS2305: Module '"@cline/shared/storage"' has no exported member 'resolveClineDir'.
sdk/packages/core/src/services/marketplace.ts(5,27): error TS2305: Module '"@cline/shared/storage"' has no exported member 'resolveMcpSettingsPath'.
sdk/packages/core/src/services/marketplace.ts(7,37): error TS6059: File '/Volumes/UserData/Users/chistyakov/Projects/SPbNIX/clinemm/sdk/packages/core/src/services/mcp-install.ts' is not under 'rootDir' '/Volumes/UserData/Users/chistyakov/Projects/SPbNIX/clinemm/apps/vscode'. 'rootDir' is expected to contain all source files.
  The file is in the program because:
    Imported via "./mcp-install" from file '/Volumes/UserData/Users/chistyakov/Projects/SPbNIX/clinemm/sdk/packages/core/src/services/marketplace.ts'
    Imported via "./services/mcp-install" from file '/Volumes/UserData/Users/chistyakov/Projects/SPbNIX/clinemm/sdk/packages/core/src/index.ts'
    Imported via "./services/mcp-install" from file '/Volumes/UserData/Users/chistyakov/Projects/SPbNIX/clinemm/sdk/packages/core/src/index.ts'
sdk/packages/core/src/services/marketplace.ts(8,33): error TS6059: File '/Volumes/UserData/Users/chistyakov/Projects/SPbNIX/clinemm/sdk/packages/core/src/services/plugin-uninstall.ts' is not under 'rootDir' '/Volumes/UserData/Users/chistyakov/Projects/SPbNIX/clinemm/apps/vscode'. 'rootDir' is expected to contain all source files.
  The file is in the program because:
    Imported via "./plugin-uninstall" from file '/Volumes/UserData/Users/chistyakov/Projects/SPbNIX/clinemm/sdk/packages/core/src/services/marketplace.ts'
    Imported via "./services/plugin-uninstall" from file '/Volumes/UserData/Users/chistyakov/Projects/SPbNIX/clinemm/sdk/packages/core/src/index.ts'
    Imported via "./services/plugin-uninstall" from file '/Volumes/UserData/Users/chistyakov/Projects/SPbNIX/clinemm/sdk/packages/core/src/index.ts'
sdk/packages/core/src/services/plugin-install.ts(25,2): error TS2305: Module '"@cline/shared/storage"' has no exported member 'isPluginModulePath'.
sdk/packages/core/src/services/plugin-install.ts(26,2): error TS2305: Module '"@cline/shared/storage"' has no exported member 'resolveClineDir'.
sdk/packages/core/src/services/plugin-install.ts(27,2): error TS2305: Module '"@cline/shared/storage"' has no exported member 'resolvePluginModuleEntries'.
sdk/packages/core/src/services/plugin-uninstall.ts(20,2): error TS2305: Module '"@cline/shared/storage"' has no exported member 'discoverPluginModulePaths'.
sdk/packages/core/src/services/plugin-uninstall.ts(21,2): error TS2305: Module '"@cline/shared/storage"' has no exported member 'resolvePluginConfigSearchPaths'.
sdk/packages/core/src/services/plugin-uninstall.ts(24,52): error TS6059: File '/Volumes/UserData/Users/chistyakov/Projects/SPbNIX/clinemm/sdk/packages/core/src/services/plugin-mcp-settings.ts' is not under 'rootDir' '/Volumes/UserData/Users/chistyakov/Projects/SPbNIX/clinemm/apps/vscode'. 'rootDir' is expected to contain all source files.
  The file is in the program because:
    Imported via "./plugin-mcp-settings" from file '/Volumes/UserData/Users/chistyakov/Projects/SPbNIX/clinemm/sdk/packages/core/src/services/plugin-uninstall.ts'
    Imported via "./plugin-mcp-settings" from file '/Volumes/UserData/Users/chistyakov/Projects/SPbNIX/clinemm/sdk/packages/core/src/services/plugin-install.ts'
    Imported via "./services/plugin-mcp-settings" from file '/Volumes/UserData/Users/chistyakov/Projects/SPbNIX/clinemm/sdk/packages/core/src/index.ts'
    Imported via "./services/plugin-mcp-settings" from file '/Volumes/UserData/Users/chistyakov/Projects/SPbNIX/clinemm/sdk/packages/core/src/index.ts'
sdk/packages/core/src/services/plugin-uninstall.ts(247,63): error TS7006: Parameter 'directory' implicitly has an 'any' type.
sdk/packages/core/src/services/providers/local-provider-service.ts(24,8): error TS6059: File '/Volumes/UserData/Users/chistyakov/Projects/SPbNIX/clinemm/sdk/packages/core/src/services/llms/cline-recommended-models.ts' is not under 'rootDir' '/Volumes/UserData/Users/chistyakov/Projects/SPbNIX/clinemm/apps/vscode'. 'rootDir' is expected to contain all source files.
  The file is in the program because:
    Imported via "../../services/llms/cline-recommended-models" from file '/Volumes/UserData/Users/chistyakov/Projects/SPbNIX/clinemm/sdk/packages/core/src/services/providers/local-provider-service.ts'
    Imported via "./services/llms/cline-recommended-models" from file '/Volumes/UserData/Users/chistyakov/Projects/SPbNIX/clinemm/sdk/packages/core/src/index.ts'
sdk/packages/core/src/services/providers/local-provider-service.ts(47,42): error TS6059: File '/Volumes/UserData/Users/chistyakov/Projects/SPbNIX/clinemm/sdk/packages/core/src/services/providers/provider-readiness.ts' is not under 'rootDir' '/Volumes/UserData/Users/chistyakov/Projects/SPbNIX/clinemm/apps/vscode'. 'rootDir' is expected to contain all source files.
  The file is in the program because:
    Imported via "./provider-readiness" from file '/Volumes/UserData/Users/chistyakov/Projects/SPbNIX/clinemm/sdk/packages/core/src/services/providers/local-provider-service.ts'
    Imported via "./services/providers/provider-readiness" from file '/Volumes/UserData/Users/chistyakov/Projects/SPbNIX/clinemm/sdk/packages/core/src/index.ts'
sdk/packages/core/src/services/providers/provider-readiness.ts(10,41): error TS6059: File '/Volumes/UserData/Users/chistyakov/Projects/SPbNIX/clinemm/sdk/packages/core/src/services/providers/provider-config-fields.ts' is not under 'rootDir' '/Volumes/UserData/Users/chistyakov/Projects/SPbNIX/clinemm/apps/vscode'. 'rootDir' is expected to contain all source files.
  The file is in the program because:
    Imported via "./provider-config-fields" from file '/Volumes/UserData/Users/chistyakov/Projects/SPbNIX/clinemm/sdk/packages/core/src/services/providers/provider-readiness.ts'
    Imported via "./services/providers/provider-config-fields" from file '/Volumes/UserData/Users/chistyakov/Projects/SPbNIX/clinemm/sdk/packages/core/src/index.ts'
sdk/packages/core/src/services/session-data.ts(11,8): error TS6059: File '/Volumes/UserData/Users/chistyakov/Projects/SPbNIX/clinemm/sdk/packages/core/src/session/models/session-graph.ts' is not under 'rootDir' '/Volumes/UserData/Users/chistyakov/Projects/SPbNIX/clinemm/apps/vscode'. 'rootDir' is expected to contain all source files.
  The file is in the program because:
    Imported via "../session/models/session-graph" from file '/Volumes/UserData/Users/chistyakov/Projects/SPbNIX/clinemm/sdk/packages/core/src/services/session-data.ts'
    Imported via "../session/models/session-graph" from file '/Volumes/UserData/Users/chistyakov/Projects/SPbNIX/clinemm/sdk/packages/core/src/services/session-artifacts.ts'
    Imported via "../models/session-graph" from file '/Volumes/UserData/Users/chistyakov/Projects/SPbNIX/clinemm/sdk/packages/core/src/session/team/team-child-session-manager.ts'
    Imported via "./session/models/session-graph" from file '/Volumes/UserData/Users/chistyakov/Projects/SPbNIX/clinemm/sdk/packages/core/src/index.ts'
sdk/packages/core/src/services/session-data.ts(16,33): error TS6059: File '/Volumes/UserData/Users/chistyakov/Projects/SPbNIX/clinemm/sdk/packages/core/src/session/models/session-row.ts' is not under 'rootDir' '/Volumes/UserData/Users/chistyakov/Projects/SPbNIX/clinemm/apps/vscode'. 'rootDir' is expected to contain all source files.
  The file is in the program because:
    Imported via "../session/models/session-row" from file '/Volumes/UserData/Users/chistyakov/Projects/SPbNIX/clinemm/sdk/packages/core/src/services/session-data.ts'
    Imported via "../session/models/session-row" from file '/Volumes/UserData/Users/chistyakov/Projects/SPbNIX/clinemm/sdk/packages/core/src/types/session.ts'
    Imported via "../models/session-row" from file '/Volumes/UserData/Users/chistyakov/Projects/SPbNIX/clinemm/sdk/packages/core/src/session/services/session-service.ts'
    Imported via "../models/session-row" from file '/Volumes/UserData/Users/chistyakov/Projects/SPbNIX/clinemm/sdk/packages/core/src/session/services/persistence-service.ts'
    Imported via "../models/session-row" from file '/Volumes/UserData/Users/chistyakov/Projects/SPbNIX/clinemm/sdk/packages/core/src/session/stores/session-manifest-store.ts'
    Imported via "../models/session-row" from file '/Volumes/UserData/Users/chistyakov/Projects/SPbNIX/clinemm/sdk/packages/core/src/session/team/team-child-session-manager.ts'
    Imported via "../models/session-row" from file '/Volumes/UserData/Users/chistyakov/Projects/SPbNIX/clinemm/sdk/packages/core/src/session/services/persistence-service.ts'
    Imported via "../models/session-row" from file '/Volumes/UserData/Users/chistyakov/Projects/SPbNIX/clinemm/sdk/packages/core/src/session/services/persistence-service.ts'
    Imported via "../models/session-row" from file '/Volumes/UserData/Users/chistyakov/Projects/SPbNIX/clinemm/sdk/packages/core/src/session/services/persistence-service.ts'
    Imported via "../models/session-row" from file '/Volumes/UserData/Users/chistyakov/Projects/SPbNIX/clinemm/sdk/packages/core/src/session/services/session-service.ts'
    Imported via "../../session/models/session-row" from file '/Volumes/UserData/Users/chistyakov/Projects/SPbNIX/clinemm/sdk/packages/core/src/runtime/host/history.ts'
    Imported via "../models/session-row" from file '/Volumes/UserData/Users/chistyakov/Projects/SPbNIX/clinemm/sdk/packages/core/src/session/services/file-session-service.ts'
    Imported via "../../session/models/session-row" from file '/Volumes/UserData/Users/chistyakov/Projects/SPbNIX/clinemm/sdk/packages/core/src/runtime/host/local-runtime-host.ts'
    Imported via "./session/models/session-row" from file '/Volumes/UserData/Users/chistyakov/Projects/SPbNIX/clinemm/sdk/packages/core/src/index.ts'
    Imported via "../models/session-row" from file '/Volumes/UserData/Users/chistyakov/Projects/SPbNIX/clinemm/sdk/packages/core/src/session/stores/team-persistence-store.ts'
    Imported via "./session/models/session-row" from file '/Volumes/UserData/Users/chistyakov/Projects/SPbNIX/clinemm/sdk/packages/core/src/types.ts'
sdk/packages/core/src/services/session-data.ts(18,48): error TS6059: File '/Volumes/UserData/Users/chistyakov/Projects/SPbNIX/clinemm/sdk/packages/core/src/types/session.ts' is not under 'rootDir' '/Volumes/UserData/Users/chistyakov/Projects/SPbNIX/clinemm/apps/vscode'. 'rootDir' is expected to contain all source files.
  The file is in the program because:
    Imported via "../types/session" from file '/Volumes/UserData/Users/chistyakov/Projects/SPbNIX/clinemm/sdk/packages/core/src/services/session-data.ts'
    Imported via "../../types/session" from file '/Volumes/UserData/Users/chistyakov/Projects/SPbNIX/clinemm/sdk/packages/core/src/session/services/session-service.ts'
    Imported via "../../types/session" from file '/Volumes/UserData/Users/chistyakov/Projects/SPbNIX/clinemm/sdk/packages/core/src/session/services/persistence-service.ts'
    Imported via "../../types/session" from file '/Volumes/UserData/Users/chistyakov/Projects/SPbNIX/clinemm/sdk/packages/core/src/session/stores/session-manifest-store.ts'
    Imported via "../../types/session" from file '/Volumes/UserData/Users/chistyakov/Projects/SPbNIX/clinemm/sdk/packages/core/src/session/team/team-child-session-manager.ts'
    Imported via "../../types/session" from file '/Volumes/UserData/Users/chistyakov/Projects/SPbNIX/clinemm/sdk/packages/core/src/session/team/team-session-coordinator.ts'
    Imported via "../../types/session" from file '/Volumes/UserData/Users/chistyakov/Projects/SPbNIX/clinemm/sdk/packages/core/src/session/services/file-session-service.ts'
    Imported via "../types/session" from file '/Volumes/UserData/Users/chistyakov/Projects/SPbNIX/clinemm/sdk/packages/core/src/services/agent-events.ts'
    Imported via "../../types/session" from file '/Volumes/UserData/Users/chistyakov/Projects/SPbNIX/clinemm/sdk/packages/core/src/runtime/host/local-runtime-host.ts'
    Imported via "../../types/session" from file '/Volumes/UserData/Users/chistyakov/Projects/SPbNIX/clinemm/sdk/packages/core/src/runtime/turn-queue/pending-prompt-service.ts'
    Imported via "../../../types/session" from file '/Volumes/UserData/Users/chistyakov/Projects/SPbNIX/clinemm/sdk/packages/core/src/runtime/host/local/agent-event-bridge.ts'
    Imported via "../../../types/session" from file '/Volumes/UserData/Users/chistyakov/Projects/SPbNIX/clinemm/sdk/packages/core/src/runtime/host/local/session-record.ts'
    Imported via "../../../types/session" from file '/Volumes/UserData/Users/chistyakov/Projects/SPbNIX/clinemm/sdk/packages/core/src/runtime/host/local/spawn-tool.ts'
    Imported via "../types/session" from file '/Volumes/UserData/Users/chistyakov/Projects/SPbNIX/clinemm/sdk/packages/core/src/cline-core/types.ts'
    Imported via "../types/session" from file '/Volumes/UserData/Users/chistyakov/Projects/SPbNIX/clinemm/sdk/packages/core/src/remote-config/integration.ts'
    Imported via "./types/session" from file '/Volumes/UserData/Users/chistyakov/Projects/SPbNIX/clinemm/sdk/packages/core/src/index.ts'
    Imported via "./types/session" from file '/Volumes/UserData/Users/chistyakov/Projects/SPbNIX/clinemm/sdk/packages/core/src/types.ts'
sdk/packages/core/src/services/session-telemetry.ts(2,10): error TS2305: Module '"@cline/shared/storage"' has no exported member 'resolveDocumentsExtensionPath'.
sdk/packages/core/src/services/storage/file-team-store.ts(12,10): error TS2305: Module '"@cline/shared/storage"' has no exported member 'resolveTeamDataDir'.
sdk/packages/core/src/services/storage/provider-settings-legacy-migration.ts(5,10): error TS2305: Module '"@cline/shared/storage"' has no exported member 'resolveClineDataDir'.
sdk/packages/core/src/services/storage/provider-settings-manager.ts(11,10): error TS2305: Module '"@cline/shared/storage"' has no exported member 'resolveProviderSettingsPath'.
sdk/packages/core/src/services/storage/provider-settings-manager.ts(12,38): error TS6059: File '/Volumes/UserData/Users/chistyakov/Projects/SPbNIX/clinemm/sdk/packages/core/src/index.ts' is not under 'rootDir' '/Volumes/UserData/Users/chistyakov/Projects/SPbNIX/clinemm/apps/vscode'. 'rootDir' is expected to contain all source files.
  The file is in the program because:
    Imported via "../.." from file '/Volumes/UserData/Users/chistyakov/Projects/SPbNIX/clinemm/sdk/packages/core/src/services/storage/provider-settings-manager.ts'
    Imported via "../.." from file '/Volumes/UserData/Users/chistyakov/Projects/SPbNIX/clinemm/sdk/packages/core/src/services/feature-flags/FeatureFlagsService.ts'
sdk/packages/core/src/services/storage/sqlite-session-store.ts(13,10): error TS2305: Module '"@cline/shared/storage"' has no exported member 'resolveDbDataDir'.
sdk/packages/core/src/services/storage/sqlite-session-store.ts(19,35): error TS6059: File '/Volumes/UserData/Users/chistyakov/Projects/SPbNIX/clinemm/sdk/packages/core/src/types/storage.ts' is not under 'rootDir' '/Volumes/UserData/Users/chistyakov/Projects/SPbNIX/clinemm/apps/vscode'. 'rootDir' is expected to contain all source files.
  The file is in the program because:
    Imported via "../../types/storage" from file '/Volumes/UserData/Users/chistyakov/Projects/SPbNIX/clinemm/sdk/packages/core/src/services/storage/sqlite-session-store.ts'
    Imported via "../../types/storage" from file '/Volumes/UserData/Users/chistyakov/Projects/SPbNIX/clinemm/sdk/packages/core/src/services/storage/team-store.ts'
    Imported via "../../types/storage" from file '/Volumes/UserData/Users/chistyakov/Projects/SPbNIX/clinemm/sdk/packages/core/src/services/storage/file-team-store.ts'
    Imported via "../../types/storage" from file '/Volumes/UserData/Users/chistyakov/Projects/SPbNIX/clinemm/sdk/packages/core/src/services/storage/sqlite-team-store.ts'
    Imported via "./types/storage" from file '/Volumes/UserData/Users/chistyakov/Projects/SPbNIX/clinemm/sdk/packages/core/src/types.ts'
    Imported via "./types/storage" from file '/Volumes/UserData/Users/chistyakov/Projects/SPbNIX/clinemm/sdk/packages/core/src/index.ts'
sdk/packages/core/src/services/storage/sqlite-team-store.ts(9,10): error TS2305: Module '"@cline/shared/storage"' has no exported member 'resolveDbDataDir'.
sdk/packages/core/src/services/storage/team-store.ts(5,8): error TS6059: File '/Volumes/UserData/Users/chistyakov/Projects/SPbNIX/clinemm/sdk/packages/core/src/services/storage/file-team-store.ts' is not under 'rootDir' '/Volumes/UserData/Users/chistyakov/Projects/SPbNIX/clinemm/apps/vscode'. 'rootDir' is expected to contain all source files.
  The file is in the program because:
    Imported via "./file-team-store" from file '/Volumes/UserData/Users/chistyakov/Projects/SPbNIX/clinemm/sdk/packages/core/src/services/storage/team-store.ts'
    Imported via "./file-team-store" from file '/Volumes/UserData/Users/chistyakov/Projects/SPbNIX/clinemm/sdk/packages/core/src/services/storage/team-store.ts'
sdk/packages/core/src/services/storage/team-store.ts(9,8): error TS6059: File '/Volumes/UserData/Users/chistyakov/Projects/SPbNIX/clinemm/sdk/packages/core/src/services/storage/sqlite-team-store.ts' is not under 'rootDir' '/Volumes/UserData/Users/chistyakov/Projects/SPbNIX/clinemm/apps/vscode'. 'rootDir' is expected to contain all source files.
  The file is in the program because:
    Imported via "./sqlite-team-store" from file '/Volumes/UserData/Users/chistyakov/Projects/SPbNIX/clinemm/sdk/packages/core/src/services/storage/team-store.ts'
    Imported via "./sqlite-team-store" from file '/Volumes/UserData/Users/chistyakov/Projects/SPbNIX/clinemm/sdk/packages/core/src/services/storage/team-store.ts'
sdk/packages/core/src/services/telemetry/core-events.ts(19,8): error TS6059: File '/Volumes/UserData/Users/chistyakov/Projects/SPbNIX/clinemm/sdk/packages/core/src/types/config.ts' is not under 'rootDir' '/Volumes/UserData/Users/chistyakov/Projects/SPbNIX/clinemm/apps/vscode'. 'rootDir' is expected to contain all source files.
  The file is in the program because:
    Imported via "../../types/config" from file '/Volumes/UserData/Users/chistyakov/Projects/SPbNIX/clinemm/sdk/packages/core/src/services/telemetry/core-events.ts'
    Imported via "../../types/config" from file '/Volumes/UserData/Users/chistyakov/Projects/SPbNIX/clinemm/sdk/packages/core/src/extensions/tools/model-tool-routing.ts'
    Imported via "../../types/config" from file '/Volumes/UserData/Users/chistyakov/Projects/SPbNIX/clinemm/sdk/packages/core/src/runtime/config/connection-update.ts'
    Imported via "../../types/config" from file '/Volumes/UserData/Users/chistyakov/Projects/SPbNIX/clinemm/sdk/packages/core/src/runtime/host/runtime-host.ts'
    Imported via "../../types/config" from file '/Volumes/UserData/Users/chistyakov/Projects/SPbNIX/clinemm/sdk/packages/core/src/extensions/tools/runtime.ts'
    Imported via "../../types/config" from file '/Volumes/UserData/Users/chistyakov/Projects/SPbNIX/clinemm/sdk/packages/core/src/runtime/orchestration/session-runtime.ts'
    Imported via "./config" from file '/Volumes/UserData/Users/chistyakov/Projects/SPbNIX/clinemm/sdk/packages/core/src/types/session.ts'
    Imported via "../../types/config" from file '/Volumes/UserData/Users/chistyakov/Projects/SPbNIX/clinemm/sdk/packages/core/src/extensions/context/compaction.ts'
    Imported via "../../types/config" from file '/Volumes/UserData/Users/chistyakov/Projects/SPbNIX/clinemm/sdk/packages/core/src/extensions/context/agentic-compaction.ts'
    Imported via "../../types/config" from file '/Volumes/UserData/Users/chistyakov/Projects/SPbNIX/clinemm/sdk/packages/core/src/extensions/context/compaction-shared.ts'
    Imported via "../../types/config" from file '/Volumes/UserData/Users/chistyakov/Projects/SPbNIX/clinemm/sdk/packages/core/src/extensions/context/basic-compaction.ts'
    Imported via "../types/config" from file '/Volumes/UserData/Users/chistyakov/Projects/SPbNIX/clinemm/sdk/packages/core/src/services/agent-events.ts'
    Imported via "../types/config" from file '/Volumes/UserData/Users/chistyakov/Projects/SPbNIX/clinemm/sdk/packages/core/src/services/config.ts'
    Imported via "../types/config" from file '/Volumes/UserData/Users/chistyakov/Projects/SPbNIX/clinemm/sdk/packages/core/src/services/local-runtime-bootstrap.ts'
    Imported via "../types/config" from file '/Volumes/UserData/Users/chistyakov/Projects/SPbNIX/clinemm/sdk/packages/core/src/services/session-telemetry.ts'
    Imported via "../../types/config" from file '/Volumes/UserData/Users/chistyakov/Projects/SPbNIX/clinemm/sdk/packages/core/src/runtime/host/local-runtime-host.ts'
    Imported via "../../types/config" from file '/Volumes/UserData/Users/chistyakov/Projects/SPbNIX/clinemm/sdk/packages/core/src/runtime/orchestration/runtime-builder.ts'
    Imported via "../../../types/config" from file '/Volumes/UserData/Users/chistyakov/Projects/SPbNIX/clinemm/sdk/packages/core/src/runtime/host/local/agent-event-bridge.ts'
    Imported via "../../../types/config" from file '/Volumes/UserData/Users/chistyakov/Projects/SPbNIX/clinemm/sdk/packages/core/src/runtime/host/local/spawn-tool.ts'
    Imported via "../types/config" from file '/Volumes/UserData/Users/chistyakov/Projects/SPbNIX/clinemm/sdk/packages/core/src/cline-core/types.ts'
    Imported via "../types/config" from file '/Volumes/UserData/Users/chistyakov/Projects/SPbNIX/clinemm/sdk/packages/core/src/cline-core/start-input.ts'
    Imported via "../../types/config" from file '/Volumes/UserData/Users/chistyakov/Projects/SPbNIX/clinemm/sdk/packages/core/src/hub/server/hub-client-contributions.ts'
    Imported via "./types/config" from file '/Volumes/UserData/Users/chistyakov/Projects/SPbNIX/clinemm/sdk/packages/core/src/types.ts'
    Imported via "./types/config" from file '/Volumes/UserData/Users/chistyakov/Projects/SPbNIX/clinemm/sdk/packages/core/src/index.ts'
sdk/packages/core/src/services/telemetry/OpenTelemetryAdapter.ts(10,8): error TS6059: File '/Volumes/UserData/Users/chistyakov/Projects/SPbNIX/clinemm/sdk/packages/core/src/services/telemetry/ITelemetryAdapter.ts' is not under 'rootDir' '/Volumes/UserData/Users/chistyakov/Projects/SPbNIX/clinemm/apps/vscode'. 'rootDir' is expected to contain all source files.
  The file is in the program because:
    Imported via "./ITelemetryAdapter" from file '/Volumes/UserData/Users/chistyakov/Projects/SPbNIX/clinemm/sdk/packages/core/src/services/telemetry/OpenTelemetryAdapter.ts'
    Imported via "./ITelemetryAdapter" from file '/Volumes/UserData/Users/chistyakov/Projects/SPbNIX/clinemm/sdk/packages/core/src/services/telemetry/TelemetryService.ts'
    Imported via "./ITelemetryAdapter" from file '/Volumes/UserData/Users/chistyakov/Projects/SPbNIX/clinemm/sdk/packages/core/src/services/telemetry/TelemetryLoggerSink.ts'
    Imported via "./ITelemetryAdapter" from file '/Volumes/UserData/Users/chistyakov/Projects/SPbNIX/clinemm/sdk/packages/core/src/services/telemetry/index.ts'
    Imported via "./services/telemetry/ITelemetryAdapter" from file '/Volumes/UserData/Users/chistyakov/Projects/SPbNIX/clinemm/sdk/packages/core/src/index.ts'
sdk/packages/core/src/services/telemetry/OpenTelemetryProvider.ts(42,8): error TS6059: File '/Volumes/UserData/Users/chistyakov/Projects/SPbNIX/clinemm/sdk/packages/core/src/services/telemetry/OpenTelemetryAdapter.ts' is not under 'rootDir' '/Volumes/UserData/Users/chistyakov/Projects/SPbNIX/clinemm/apps/vscode'. 'rootDir' is expected to contain all source files.
  The file is in the program because:
    Imported via "./OpenTelemetryAdapter" from file '/Volumes/UserData/Users/chistyakov/Projects/SPbNIX/clinemm/sdk/packages/core/src/services/telemetry/OpenTelemetryProvider.ts'
    Imported via "./OpenTelemetryAdapter" from file '/Volumes/UserData/Users/chistyakov/Projects/SPbNIX/clinemm/sdk/packages/core/src/services/telemetry/index.ts'
sdk/packages/core/src/services/telemetry/OpenTelemetryProvider.ts(43,34): error TS6059: File '/Volumes/UserData/Users/chistyakov/Projects/SPbNIX/clinemm/sdk/packages/core/src/services/telemetry/TelemetryService.ts' is not under 'rootDir' '/Volumes/UserData/Users/chistyakov/Projects/SPbNIX/clinemm/apps/vscode'. 'rootDir' is expected to contain all source files.
  The file is in the program because:
    Imported via "./TelemetryService" from file '/Volumes/UserData/Users/chistyakov/Projects/SPbNIX/clinemm/sdk/packages/core/src/services/telemetry/OpenTelemetryProvider.ts'
    Imported via "./services/telemetry/TelemetryService" from file '/Volumes/UserData/Users/chistyakov/Projects/SPbNIX/clinemm/sdk/packages/core/src/index.ts'
sdk/packages/core/src/services/telemetry/TelemetryService.ts(9,37): error TS6059: File '/Volumes/UserData/Users/chistyakov/Projects/SPbNIX/clinemm/sdk/packages/core/src/services/telemetry/TelemetryLoggerSink.ts' is not under 'rootDir' '/Volumes/UserData/Users/chistyakov/Projects/SPbNIX/clinemm/apps/vscode'. 'rootDir' is expected to contain all source files.
  The file is in the program because:
    Imported via "./TelemetryLoggerSink" from file '/Volumes/UserData/Users/chistyakov/Projects/SPbNIX/clinemm/sdk/packages/core/src/services/telemetry/TelemetryService.ts'
    Imported via "./services/telemetry/TelemetryLoggerSink" from file '/Volumes/UserData/Users/chistyakov/Projects/SPbNIX/clinemm/sdk/packages/core/src/index.ts'
sdk/packages/core/src/services/workspace/agent-schedules-workspace.ts(2,10): error TS2305: Module '"@cline/shared/storage"' has no exported member 'resolveAgentSchedulesDir'.
sdk/packages/core/src/services/workspace/chat-workspace.ts(4,2): error TS2305: Module '"@cline/shared/storage"' has no exported member 'AGENTS_RULES_FILE_NAME'.
sdk/packages/core/src/services/workspace/chat-workspace.ts(5,2): error TS2305: Module '"@cline/shared/storage"' has no exported member 'resolveChatWorkspacePath'.
sdk/packages/core/src/services/workspace/index.ts(1,47): error TS6059: File '/Volumes/UserData/Users/chistyakov/Projects/SPbNIX/clinemm/sdk/packages/core/src/services/workspace/agent-schedules-workspace.ts' is not under 'rootDir' '/Volumes/UserData/Users/chistyakov/Projects/SPbNIX/clinemm/apps/vscode'. 'rootDir' is expected to contain all source files.
  The file is in the program because:
    Imported via "./agent-schedules-workspace" from file '/Volumes/UserData/Users/chistyakov/Projects/SPbNIX/clinemm/sdk/packages/core/src/services/workspace/index.ts'
    Imported via "../../services/workspace/agent-schedules-workspace" from file '/Volumes/UserData/Users/chistyakov/Projects/SPbNIX/clinemm/sdk/packages/core/src/hub/server/hub-server-transport.ts'
sdk/packages/core/src/services/workspace/index.ts(2,37): error TS6059: File '/Volumes/UserData/Users/chistyakov/Projects/SPbNIX/clinemm/sdk/packages/core/src/services/workspace/chat-workspace.ts' is not under 'rootDir' '/Volumes/UserData/Users/chistyakov/Projects/SPbNIX/clinemm/apps/vscode'. 'rootDir' is expected to contain all source files.
  The file is in the program because:
    Imported via "./chat-workspace" from file '/Volumes/UserData/Users/chistyakov/Projects/SPbNIX/clinemm/sdk/packages/core/src/services/workspace/index.ts'
    Imported via "../../services/workspace/chat-workspace" from file '/Volumes/UserData/Users/chistyakov/Projects/SPbNIX/clinemm/sdk/packages/core/src/runtime/host/local-runtime-host.ts'
sdk/packages/core/src/services/workspace/index.ts(3,43): error TS6059: File '/Volumes/UserData/Users/chistyakov/Projects/SPbNIX/clinemm/sdk/packages/core/src/services/workspace/file-indexer.ts' is not under 'rootDir' '/Volumes/UserData/Users/chistyakov/Projects/SPbNIX/clinemm/apps/vscode'. 'rootDir' is expected to contain all source files.
  The file is in the program because:
    Imported via "./file-indexer" from file '/Volumes/UserData/Users/chistyakov/Projects/SPbNIX/clinemm/sdk/packages/core/src/services/workspace/index.ts'
    Imported via "./file-indexer" from file '/Volumes/UserData/Users/chistyakov/Projects/SPbNIX/clinemm/sdk/packages/core/src/services/workspace/index.ts'
    Imported via "./file-indexer" from file '/Volumes/UserData/Users/chistyakov/Projects/SPbNIX/clinemm/sdk/packages/core/src/services/workspace/mention-enricher.ts'
sdk/packages/core/src/services/workspace/index.ts(8,8): error TS6059: File '/Volumes/UserData/Users/chistyakov/Projects/SPbNIX/clinemm/sdk/packages/core/src/services/workspace/mention-enricher.ts' is not under 'rootDir' '/Volumes/UserData/Users/chistyakov/Projects/SPbNIX/clinemm/apps/vscode'. 'rootDir' is expected to contain all source files.
  The file is in the program because:
    Imported via "./mention-enricher" from file '/Volumes/UserData/Users/chistyakov/Projects/SPbNIX/clinemm/sdk/packages/core/src/services/workspace/index.ts'
    Imported via "./mention-enricher" from file '/Volumes/UserData/Users/chistyakov/Projects/SPbNIX/clinemm/sdk/packages/core/src/services/workspace/index.ts'
sdk/packages/core/src/session/models/session-manifest.ts(2,34): error TS6059: File '/Volumes/UserData/Users/chistyakov/Projects/SPbNIX/clinemm/sdk/packages/core/src/types/common.ts' is not under 'rootDir' '/Volumes/UserData/Users/chistyakov/Projects/SPbNIX/clinemm/apps/vscode'. 'rootDir' is expected to contain all source files.
  The file is in the program because:
    Imported via "../../types/common" from file '/Volumes/UserData/Users/chistyakov/Projects/SPbNIX/clinemm/sdk/packages/core/src/session/models/session-manifest.ts'
    Imported via "../../types/common" from file '/Volumes/UserData/Users/chistyakov/Projects/SPbNIX/clinemm/sdk/packages/core/src/runtime/host/runtime-host.ts'
    Imported via "./common" from file '/Volumes/UserData/Users/chistyakov/Projects/SPbNIX/clinemm/sdk/packages/core/src/types/sessions.ts'
    Imported via "../types/common" from file '/Volumes/UserData/Users/chistyakov/Projects/SPbNIX/clinemm/sdk/packages/core/src/session/history-origin.ts'
    Imported via "../types/common" from file '/Volumes/UserData/Users/chistyakov/Projects/SPbNIX/clinemm/sdk/packages/core/src/cline-core/automation.ts'
    Imported via "../../types/common" from file '/Volumes/UserData/Users/chistyakov/Projects/SPbNIX/clinemm/sdk/packages/core/src/session/models/session-graph.ts'
    Imported via "../../types/common" from file '/Volumes/UserData/Users/chistyakov/Projects/SPbNIX/clinemm/sdk/packages/core/src/session/models/session-row.ts'
    Imported via "../types/common" from file '/Volumes/UserData/Users/chistyakov/Projects/SPbNIX/clinemm/sdk/packages/core/src/services/session-data.ts'
    Imported via "../../types/common" from file '/Volumes/UserData/Users/chistyakov/Projects/SPbNIX/clinemm/sdk/packages/core/src/services/storage/sqlite-session-store.ts'
    Imported via "./common" from file '/Volumes/UserData/Users/chistyakov/Projects/SPbNIX/clinemm/sdk/packages/core/src/types/storage.ts'
    Imported via "../../types/common" from file '/Volumes/UserData/Users/chistyakov/Projects/SPbNIX/clinemm/sdk/packages/core/src/session/services/persistence-service.ts'
    Imported via "../../types/common" from file '/Volumes/UserData/Users/chistyakov/Projects/SPbNIX/clinemm/sdk/packages/core/src/session/team/team-child-session-manager.ts'
    Imported via "./common" from file '/Volumes/UserData/Users/chistyakov/Projects/SPbNIX/clinemm/sdk/packages/core/src/types/session.ts'
    Imported via "../../types/common" from file '/Volumes/UserData/Users/chistyakov/Projects/SPbNIX/clinemm/sdk/packages/core/src/hub/runtime-host/hub-runtime-host.ts'
    Imported via "../types/common" from file '/Volumes/UserData/Users/chistyakov/Projects/SPbNIX/clinemm/sdk/packages/core/src/services/local-runtime-bootstrap.ts'
    Imported via "../../types/common" from file '/Volumes/UserData/Users/chistyakov/Projects/SPbNIX/clinemm/sdk/packages/core/src/runtime/host/local-runtime-host.ts'
    Imported via "../types/common" from file '/Volumes/UserData/Users/chistyakov/Projects/SPbNIX/clinemm/sdk/packages/core/src/cline-core/start-input.ts'
    Imported via "../types/common" from file '/Volumes/UserData/Users/chistyakov/Projects/SPbNIX/clinemm/sdk/packages/core/src/cline-core/telemetry.ts'
    Imported via "../../types/common" from file '/Volumes/UserData/Users/chistyakov/Projects/SPbNIX/clinemm/sdk/packages/core/src/hub/daemon/runtime-handlers.ts'
    Imported via "../../types/common" from file '/Volumes/UserData/Users/chistyakov/Projects/SPbNIX/clinemm/sdk/packages/core/src/hub/server/hub-server-transport.ts'
    Imported via "./types/common" from file '/Volumes/UserData/Users/chistyakov/Projects/SPbNIX/clinemm/sdk/packages/core/src/types.ts'
    Imported via "./types/common" from file '/Volumes/UserData/Users/chistyakov/Projects/SPbNIX/clinemm/sdk/packages/core/src/index.ts'
    Imported via "./types/common" from file '/Volumes/UserData/Users/chistyakov/Projects/SPbNIX/clinemm/sdk/packages/core/src/index.ts'
sdk/packages/core/src/session/search/index.ts(1,15): error TS6059: File '/Volumes/UserData/Users/chistyakov/Projects/SPbNIX/clinemm/sdk/packages/core/src/session/search/session-history-search.ts' is not under 'rootDir' '/Volumes/UserData/Users/chistyakov/Projects/SPbNIX/clinemm/apps/vscode'. 'rootDir' is expected to contain all source files.
sdk/packages/core/src/session/search/session-history-search.ts(8,10): error TS2305: Module '"@cline/shared/storage"' has no exported member 'resolveDbDataDir'.
sdk/packages/core/src/session/services/persistence-service.ts(36,38): error TS6059: File '/Volumes/UserData/Users/chistyakov/Projects/SPbNIX/clinemm/sdk/packages/core/src/session/stores/session-manifest-store.ts' is not under 'rootDir' '/Volumes/UserData/Users/chistyakov/Projects/SPbNIX/clinemm/apps/vscode'. 'rootDir' is expected to contain all source files.
  The file is in the program because:
    Imported via "../stores/session-manifest-store" from file '/Volumes/UserData/Users/chistyakov/Projects/SPbNIX/clinemm/sdk/packages/core/src/session/services/persistence-service.ts'
    Imported via "../stores/session-manifest-store" from file '/Volumes/UserData/Users/chistyakov/Projects/SPbNIX/clinemm/sdk/packages/core/src/session/team/team-child-session-manager.ts'
sdk/packages/core/src/session/services/persistence-service.ts(37,41): error TS6059: File '/Volumes/UserData/Users/chistyakov/Projects/SPbNIX/clinemm/sdk/packages/core/src/session/team/index.ts' is not under 'rootDir' '/Volumes/UserData/Users/chistyakov/Projects/SPbNIX/clinemm/apps/vscode'. 'rootDir' is expected to contain all source files.
  The file is in the program because:
    Imported via "../team" from file '/Volumes/UserData/Users/chistyakov/Projects/SPbNIX/clinemm/sdk/packages/core/src/session/services/persistence-service.ts'
    Imported via "../../session/team" from file '/Volumes/UserData/Users/chistyakov/Projects/SPbNIX/clinemm/sdk/packages/core/src/runtime/host/local-runtime-host.ts'
    Imported via "../../../session/team" from file '/Volumes/UserData/Users/chistyakov/Projects/SPbNIX/clinemm/sdk/packages/core/src/runtime/host/local/agent-event-bridge.ts'
sdk/packages/core/src/session/services/session-service.ts(4,24): error TS6059: File '/Volumes/UserData/Users/chistyakov/Projects/SPbNIX/clinemm/sdk/packages/core/src/services/session-artifacts.ts' is not under 'rootDir' '/Volumes/UserData/Users/chistyakov/Projects/SPbNIX/clinemm/apps/vscode'. 'rootDir' is expected to contain all source files.
  The file is in the program because:
    Imported via "../../services/session-artifacts" from file '/Volumes/UserData/Users/chistyakov/Projects/SPbNIX/clinemm/sdk/packages/core/src/session/services/session-service.ts'
    Imported via "../../services/session-artifacts" from file '/Volumes/UserData/Users/chistyakov/Projects/SPbNIX/clinemm/sdk/packages/core/src/session/services/persistence-service.ts'
    Imported via "../../services/session-artifacts" from file '/Volumes/UserData/Users/chistyakov/Projects/SPbNIX/clinemm/sdk/packages/core/src/session/stores/session-manifest-store.ts'
    Imported via "../../services/session-artifacts" from file '/Volumes/UserData/Users/chistyakov/Projects/SPbNIX/clinemm/sdk/packages/core/src/session/team/team-child-session-manager.ts'
    Imported via "../../services/session-artifacts" from file '/Volumes/UserData/Users/chistyakov/Projects/SPbNIX/clinemm/sdk/packages/core/src/runtime/host/local-runtime-host.ts'
sdk/packages/core/src/session/services/session-service.ts(5,41): error TS6059: File '/Volumes/UserData/Users/chistyakov/Projects/SPbNIX/clinemm/sdk/packages/core/src/services/storage/sqlite-session-store.ts' is not under 'rootDir' '/Volumes/UserData/Users/chistyakov/Projects/SPbNIX/clinemm/apps/vscode'. 'rootDir' is expected to contain all source files.
  The file is in the program because:
    Imported via "../../services/storage/sqlite-session-store" from file '/Volumes/UserData/Users/chistyakov/Projects/SPbNIX/clinemm/sdk/packages/core/src/session/services/session-service.ts'
    Imported via "../../services/storage/sqlite-session-store" from file '/Volumes/UserData/Users/chistyakov/Projects/SPbNIX/clinemm/sdk/packages/core/src/runtime/host/host.ts'
    Imported via "../../services/storage/sqlite-session-store" from file '/Volumes/UserData/Users/chistyakov/Projects/SPbNIX/clinemm/sdk/packages/core/src/hub/daemon/runtime-handlers.ts'
    Imported via "../../services/storage/sqlite-session-store" from file '/Volumes/UserData/Users/chistyakov/Projects/SPbNIX/clinemm/sdk/packages/core/src/hub/server/hub-server-transport.ts'
    Imported via "./services/storage/sqlite-session-store" from file '/Volumes/UserData/Users/chistyakov/Projects/SPbNIX/clinemm/sdk/packages/core/src/index.ts'
sdk/packages/core/src/session/services/session-service.ts(17,8): error TS6059: File '/Volumes/UserData/Users/chistyakov/Projects/SPbNIX/clinemm/sdk/packages/core/src/session/services/persistence-service.ts' is not under 'rootDir' '/Volumes/UserData/Users/chistyakov/Projects/SPbNIX/clinemm/apps/vscode'. 'rootDir' is expected to contain all source files.
  The file is in the program because:
    Imported via "./persistence-service" from file '/Volumes/UserData/Users/chistyakov/Projects/SPbNIX/clinemm/sdk/packages/core/src/session/services/session-service.ts'
    Imported via "./persistence-service" from file '/Volumes/UserData/Users/chistyakov/Projects/SPbNIX/clinemm/sdk/packages/core/src/session/services/session-service.ts'
    Imported via "./persistence-service" from file '/Volumes/UserData/Users/chistyakov/Projects/SPbNIX/clinemm/sdk/packages/core/src/session/services/file-session-service.ts'
    Imported via "./persistence-service" from file '/Volumes/UserData/Users/chistyakov/Projects/SPbNIX/clinemm/sdk/packages/core/src/session/services/file-session-service.ts'
sdk/packages/core/src/session/session-snapshot.ts(4,36): error TS6059: File '/Volumes/UserData/Users/chistyakov/Projects/SPbNIX/clinemm/sdk/packages/core/src/types/sessions.ts' is not under 'rootDir' '/Volumes/UserData/Users/chistyakov/Projects/SPbNIX/clinemm/apps/vscode'. 'rootDir' is expected to contain all source files.
  The file is in the program because:
    Imported via "../types/sessions" from file '/Volumes/UserData/Users/chistyakov/Projects/SPbNIX/clinemm/sdk/packages/core/src/session/session-snapshot.ts'
    Imported via "../../types/sessions" from file '/Volumes/UserData/Users/chistyakov/Projects/SPbNIX/clinemm/sdk/packages/core/src/runtime/host/runtime-host.ts'
    Imported via "../../types/sessions" from file '/Volumes/UserData/Users/chistyakov/Projects/SPbNIX/clinemm/sdk/packages/core/src/services/storage/sqlite-session-store.ts'
    Imported via "./sessions" from file '/Volumes/UserData/Users/chistyakov/Projects/SPbNIX/clinemm/sdk/packages/core/src/types/storage.ts'
    Imported via "../types/sessions" from file '/Volumes/UserData/Users/chistyakov/Projects/SPbNIX/clinemm/sdk/packages/core/src/services/session-data.ts'
    Imported via "../../types/sessions" from file '/Volumes/UserData/Users/chistyakov/Projects/SPbNIX/clinemm/sdk/packages/core/src/runtime/host/history.ts'
    Imported via "../../types/sessions" from file '/Volumes/UserData/Users/chistyakov/Projects/SPbNIX/clinemm/sdk/packages/core/src/hub/runtime-host/hub-runtime-host.ts'
    Imported via "../types/sessions" from file '/Volumes/UserData/Users/chistyakov/Projects/SPbNIX/clinemm/sdk/packages/core/src/session/session-versioning-service.ts'
    Imported via "../types/sessions" from file '/Volumes/UserData/Users/chistyakov/Projects/SPbNIX/clinemm/sdk/packages/core/src/session/checkpoint-restore.ts'
    Imported via "../../types/sessions" from file '/Volumes/UserData/Users/chistyakov/Projects/SPbNIX/clinemm/sdk/packages/core/src/runtime/host/local-runtime-host.ts'
    Imported via "../../../types/sessions" from file '/Volumes/UserData/Users/chistyakov/Projects/SPbNIX/clinemm/sdk/packages/core/src/runtime/host/local/session-record.ts'
    Imported via "../types/sessions" from file '/Volumes/UserData/Users/chistyakov/Projects/SPbNIX/clinemm/sdk/packages/core/src/session/checkpoint-diff.ts'
    Imported via "./types/sessions" from file '/Volumes/UserData/Users/chistyakov/Projects/SPbNIX/clinemm/sdk/packages/core/src/ClineCore.ts'
    Imported via "../../types/sessions" from file '/Volumes/UserData/Users/chistyakov/Projects/SPbNIX/clinemm/sdk/packages/core/src/session/search/session-history-search.ts'
    Imported via "../../types/sessions" from file '/Volumes/UserData/Users/chistyakov/Projects/SPbNIX/clinemm/sdk/packages/core/src/hub/server/hub-session-records.ts'
    Imported via "./types/sessions" from file '/Volumes/UserData/Users/chistyakov/Projects/SPbNIX/clinemm/sdk/packages/core/src/types.ts'
    Imported via "./types/sessions" from file '/Volumes/UserData/Users/chistyakov/Projects/SPbNIX/clinemm/sdk/packages/core/src/index.ts'
sdk/packages/core/src/session/session-versioning-service.ts(17,8): error TS6059: File '/Volumes/UserData/Users/chistyakov/Projects/SPbNIX/clinemm/sdk/packages/core/src/session/checkpoint-restore.ts' is not under 'rootDir' '/Volumes/UserData/Users/chistyakov/Projects/SPbNIX/clinemm/apps/vscode'. 'rootDir' is expected to contain all source files.
  The file is in the program because:
    Imported via "./checkpoint-restore" from file '/Volumes/UserData/Users/chistyakov/Projects/SPbNIX/clinemm/sdk/packages/core/src/session/session-versioning-service.ts'
    Imported via "./checkpoint-restore" from file '/Volumes/UserData/Users/chistyakov/Projects/SPbNIX/clinemm/sdk/packages/core/src/session/checkpoint-diff.ts'
    Imported via "./session/checkpoint-restore" from file '/Volumes/UserData/Users/chistyakov/Projects/SPbNIX/clinemm/sdk/packages/core/src/index.ts'
sdk/packages/core/src/session/stores/session-manifest-store.ts(12,10): error TS2305: Module '"@cline/shared/storage"' has no exported member 'ensureHookLogDir'.
sdk/packages/core/src/session/stores/session-manifest-store.ts(34,33): error TS6059: File '/Volumes/UserData/Users/chistyakov/Projects/SPbNIX/clinemm/sdk/packages/core/src/session/stores/atomic-file.ts' is not under 'rootDir' '/Volumes/UserData/Users/chistyakov/Projects/SPbNIX/clinemm/apps/vscode'. 'rootDir' is expected to contain all source files.
sdk/packages/core/src/session/stores/team-persistence-store.ts(12,10): error TS2305: Module '"@cline/shared/storage"' has no exported member 'resolveTeamDataDir'.
sdk/packages/core/src/session/team/index.ts(1,41): error TS6059: File '/Volumes/UserData/Users/chistyakov/Projects/SPbNIX/clinemm/sdk/packages/core/src/session/team/team-child-session-manager.ts' is not under 'rootDir' '/Volumes/UserData/Users/chistyakov/Projects/SPbNIX/clinemm/apps/vscode'. 'rootDir' is expected to contain all source files.
sdk/packages/core/src/session/team/index.ts(12,8): error TS6059: File '/Volumes/UserData/Users/chistyakov/Projects/SPbNIX/clinemm/sdk/packages/core/src/session/team/team-session-coordinator.ts' is not under 'rootDir' '/Volumes/UserData/Users/chistyakov/Projects/SPbNIX/clinemm/apps/vscode'. 'rootDir' is expected to contain all source files.
sdk/packages/core/src/session/team/team-child-session-manager.ts(6,10): error TS2305: Module '"@cline/shared/storage"' has no exported member 'ensureHookLogDir'.
sdk/packages/core/src/settings/index.ts(4,8): error TS6059: File '/Volumes/UserData/Users/chistyakov/Projects/SPbNIX/clinemm/sdk/packages/core/src/settings/settings-service.ts' is not under 'rootDir' '/Volumes/UserData/Users/chistyakov/Projects/SPbNIX/clinemm/apps/vscode'. 'rootDir' is expected to contain all source files.
sdk/packages/core/src/settings/settings-service.ts(18,40): error TS6059: File '/Volumes/UserData/Users/chistyakov/Projects/SPbNIX/clinemm/sdk/packages/core/src/extensions/config/skill-frontmatter-toggle.ts' is not under 'rootDir' '/Volumes/UserData/Users/chistyakov/Projects/SPbNIX/clinemm/apps/vscode'. 'rootDir' is expected to contain all source files.
sdk/packages/core/src/settings/settings-service.ts(24,8): error TS6059: File '/Volumes/UserData/Users/chistyakov/Projects/SPbNIX/clinemm/sdk/packages/core/src/extensions/mcp/index.ts' is not under 'rootDir' '/Volumes/UserData/Users/chistyakov/Projects/SPbNIX/clinemm/apps/vscode'. 'rootDir' is expected to contain all source files.
  The file is in the program because:
    Imported via "../extensions/mcp" from file '/Volumes/UserData/Users/chistyakov/Projects/SPbNIX/clinemm/sdk/packages/core/src/settings/settings-service.ts'
    Imported via "../../extensions/mcp" from file '/Volumes/UserData/Users/chistyakov/Projects/SPbNIX/clinemm/sdk/packages/core/src/runtime/orchestration/runtime-builder.ts'
    Imported via "./extensions/mcp" from file '/Volumes/UserData/Users/chistyakov/Projects/SPbNIX/clinemm/sdk/packages/core/src/index.ts'
    Imported via "../extensions/mcp" from file '/Volumes/UserData/Users/chistyakov/Projects/SPbNIX/clinemm/sdk/packages/core/src/services/marketplace.ts'
    Imported via "../extensions/mcp" from file '/Volumes/UserData/Users/chistyakov/Projects/SPbNIX/clinemm/sdk/packages/core/src/services/mcp-install.ts'
    Imported via "../extensions/mcp" from file '/Volumes/UserData/Users/chistyakov/Projects/SPbNIX/clinemm/sdk/packages/core/src/services/mcp-install.ts'
    Imported via "../extensions/mcp" from file '/Volumes/UserData/Users/chistyakov/Projects/SPbNIX/clinemm/sdk/packages/core/src/services/plugin-mcp-settings.ts'
    Imported via "../extensions/mcp" from file '/Volumes/UserData/Users/chistyakov/Projects/SPbNIX/clinemm/sdk/packages/core/src/services/plugin-install.ts'
sdk/packages/core/src/settings/settings-service.ts(37,48): error TS6059: File '/Volumes/UserData/Users/chistyakov/Projects/SPbNIX/clinemm/sdk/packages/core/src/services/plugin-tools.ts' is not under 'rootDir' '/Volumes/UserData/Users/chistyakov/Projects/SPbNIX/clinemm/apps/vscode'. 'rootDir' is expected to contain all source files.
  The file is in the program because:
    Imported via "../services/plugin-tools" from file '/Volumes/UserData/Users/chistyakov/Projects/SPbNIX/clinemm/sdk/packages/core/src/settings/settings-service.ts'
    Imported via "./services/plugin-tools" from file '/Volumes/UserData/Users/chistyakov/Projects/SPbNIX/clinemm/sdk/packages/core/src/index.ts'
    Imported via "./services/plugin-tools" from file '/Volumes/UserData/Users/chistyakov/Projects/SPbNIX/clinemm/sdk/packages/core/src/index.ts'
    Imported via "./services/plugin-tools" from file '/Volumes/UserData/Users/chistyakov/Projects/SPbNIX/clinemm/sdk/packages/core/src/types.ts'
    Imported via "./services/plugin-tools" from file '/Volumes/UserData/Users/chistyakov/Projects/SPbNIX/clinemm/sdk/packages/core/src/types.ts'
sdk/packages/core/src/settings/settings-service.ts(46,8): error TS6059: File '/Volumes/UserData/Users/chistyakov/Projects/SPbNIX/clinemm/sdk/packages/core/src/settings/types.ts' is not under 'rootDir' '/Volumes/UserData/Users/chistyakov/Projects/SPbNIX/clinemm/apps/vscode'. 'rootDir' is expected to contain all source files.
  The file is in the program because:
    Imported via "./types" from file '/Volumes/UserData/Users/chistyakov/Projects/SPbNIX/clinemm/sdk/packages/core/src/settings/settings-service.ts'
    Imported via "./types" from file '/Volumes/UserData/Users/chistyakov/Projects/SPbNIX/clinemm/sdk/packages/core/src/settings/index.ts'
sdk/packages/core/src/tasks/agenda-task-manager.ts(16,41): error TS6059: File '/Volumes/UserData/Users/chistyakov/Projects/SPbNIX/clinemm/sdk/packages/core/src/tasks/specs/task-spec-file-store.ts' is not under 'rootDir' '/Volumes/UserData/Users/chistyakov/Projects/SPbNIX/clinemm/apps/vscode'. 'rootDir' is expected to contain all source files.
  The file is in the program because:
    Imported via "./specs/task-spec-file-store" from file '/Volumes/UserData/Users/chistyakov/Projects/SPbNIX/clinemm/sdk/packages/core/src/tasks/agenda-task-manager.ts'
    Imported via "./specs/task-spec-file-store" from file '/Volumes/UserData/Users/chistyakov/Projects/SPbNIX/clinemm/sdk/packages/core/src/tasks/index.ts'
sdk/packages/core/src/tasks/agenda-task-manager.ts(21,39): error TS6059: File '/Volumes/UserData/Users/chistyakov/Projects/SPbNIX/clinemm/sdk/packages/core/src/tasks/store/sqlite-task-store.ts' is not under 'rootDir' '/Volumes/UserData/Users/chistyakov/Projects/SPbNIX/clinemm/apps/vscode'. 'rootDir' is expected to contain all source files.
  The file is in the program because:
    Imported via "./store/sqlite-task-store" from file '/Volumes/UserData/Users/chistyakov/Projects/SPbNIX/clinemm/sdk/packages/core/src/tasks/agenda-task-manager.ts'
    Imported via "./store/sqlite-task-store" from file '/Volumes/UserData/Users/chistyakov/Projects/SPbNIX/clinemm/sdk/packages/core/src/tasks/index.ts'
sdk/packages/core/src/tasks/agenda-task-tool.ts(15,43): error TS6059: File '/Volumes/UserData/Users/chistyakov/Projects/SPbNIX/clinemm/sdk/packages/core/src/tasks/agenda-task-api.ts' is not under 'rootDir' '/Volumes/UserData/Users/chistyakov/Projects/SPbNIX/clinemm/apps/vscode'. 'rootDir' is expected to contain all source files.
  The file is in the program because:
    Imported via "./agenda-task-api" from file '/Volumes/UserData/Users/chistyakov/Projects/SPbNIX/clinemm/sdk/packages/core/src/tasks/agenda-task-tool.ts'
    Imported via "./agenda-task-api" from file '/Volumes/UserData/Users/chistyakov/Projects/SPbNIX/clinemm/sdk/packages/core/src/tasks/index.ts'
    Imported via "./agenda-task-api" from file '/Volumes/UserData/Users/chistyakov/Projects/SPbNIX/clinemm/sdk/packages/core/src/tasks/agenda-task-manager.ts'
    Imported via "../../tasks/agenda-task-api" from file '/Volumes/UserData/Users/chistyakov/Projects/SPbNIX/clinemm/sdk/packages/core/src/hub/server/task-command-service.ts'
sdk/packages/core/src/tasks/index.ts(2,15): error TS6059: File '/Volumes/UserData/Users/chistyakov/Projects/SPbNIX/clinemm/sdk/packages/core/src/tasks/agenda-task-manager.ts' is not under 'rootDir' '/Volumes/UserData/Users/chistyakov/Projects/SPbNIX/clinemm/apps/vscode'. 'rootDir' is expected to contain all source files.
sdk/packages/core/src/tasks/specs/task-spec-file-store.ts(23,10): error TS2305: Module '"@cline/shared/storage"' has no exported member 'resolveTaskSpecsDir'.
sdk/packages/core/src/tasks/specs/task-spec-file-store.ts(30,8): error TS6059: File '/Volumes/UserData/Users/chistyakov/Projects/SPbNIX/clinemm/sdk/packages/core/src/tasks/specs/task-spec-parser.ts' is not under 'rootDir' '/Volumes/UserData/Users/chistyakov/Projects/SPbNIX/clinemm/apps/vscode'. 'rootDir' is expected to contain all source files.
  The file is in the program because:
    Imported via "./task-spec-parser" from file '/Volumes/UserData/Users/chistyakov/Projects/SPbNIX/clinemm/sdk/packages/core/src/tasks/specs/task-spec-file-store.ts'
    Imported via "./specs/task-spec-parser" from file '/Volumes/UserData/Users/chistyakov/Projects/SPbNIX/clinemm/sdk/packages/core/src/tasks/agenda-task-manager.ts'
    Imported via "./specs/task-spec-parser" from file '/Volumes/UserData/Users/chistyakov/Projects/SPbNIX/clinemm/sdk/packages/core/src/tasks/index.ts'
sdk/packages/core/src/tasks/specs/task-spec-parser.ts(11,45): error TS6059: File '/Volumes/UserData/Users/chistyakov/Projects/SPbNIX/clinemm/sdk/packages/core/src/tasks/task-location.ts' is not under 'rootDir' '/Volumes/UserData/Users/chistyakov/Projects/SPbNIX/clinemm/apps/vscode'. 'rootDir' is expected to contain all source files.
  The file is in the program because:
    Imported via "../task-location" from file '/Volumes/UserData/Users/chistyakov/Projects/SPbNIX/clinemm/sdk/packages/core/src/tasks/specs/task-spec-parser.ts'
    Imported via "../task-location" from file '/Volumes/UserData/Users/chistyakov/Projects/SPbNIX/clinemm/sdk/packages/core/src/tasks/store/sqlite-task-store.ts'
    Imported via "./task-location" from file '/Volumes/UserData/Users/chistyakov/Projects/SPbNIX/clinemm/sdk/packages/core/src/tasks/agenda-task-manager.ts'
    Imported via "./task-location" from file '/Volumes/UserData/Users/chistyakov/Projects/SPbNIX/clinemm/sdk/packages/core/src/tasks/index.ts'
sdk/packages/core/src/tasks/store/sqlite-task-store.ts(22,10): error TS2305: Module '"@cline/shared/storage"' has no exported member 'resolveTasksDbPath'.
sdk/packages/core/src/tasks/store/sqlite-task-store.ts(24,40): error TS6059: File '/Volumes/UserData/Users/chistyakov/Projects/SPbNIX/clinemm/sdk/packages/core/src/tasks/store/task-schema.ts' is not under 'rootDir' '/Volumes/UserData/Users/chistyakov/Projects/SPbNIX/clinemm/apps/vscode'. 'rootDir' is expected to contain all source files.
  The file is in the program because:
    Imported via "./task-schema" from file '/Volumes/UserData/Users/chistyakov/Projects/SPbNIX/clinemm/sdk/packages/core/src/tasks/store/sqlite-task-store.ts'
    Imported via "./store/task-schema" from file '/Volumes/UserData/Users/chistyakov/Projects/SPbNIX/clinemm/sdk/packages/core/src/tasks/index.ts'
sdk/packages/core/src/tasks/task-tool.ts(15,8): error TS6059: File '/Volumes/UserData/Users/chistyakov/Projects/SPbNIX/clinemm/sdk/packages/core/src/tasks/agenda-task-tool.ts' is not under 'rootDir' '/Volumes/UserData/Users/chistyakov/Projects/SPbNIX/clinemm/apps/vscode'. 'rootDir' is expected to contain all source files.
  The file is in the program because:
    Imported via "./agenda-task-tool" from file '/Volumes/UserData/Users/chistyakov/Projects/SPbNIX/clinemm/sdk/packages/core/src/tasks/task-tool.ts'
    Imported via "./agenda-task-tool" from file '/Volumes/UserData/Users/chistyakov/Projects/SPbNIX/clinemm/sdk/packages/core/src/tasks/index.ts'
sdk/packages/core/src/types/config.ts(18,38): error TS6059: File '/Volumes/UserData/Users/chistyakov/Projects/SPbNIX/clinemm/sdk/packages/core/src/extensions/tools/model-tool-routing.ts' is not under 'rootDir' '/Volumes/UserData/Users/chistyakov/Projects/SPbNIX/clinemm/apps/vscode'. 'rootDir' is expected to contain all source files.
  The file is in the program because:
    Imported via "../extensions/tools/model-tool-routing" from file '/Volumes/UserData/Users/chistyakov/Projects/SPbNIX/clinemm/sdk/packages/core/src/types/config.ts'
    Imported via "./model-tool-routing" from file '/Volumes/UserData/Users/chistyakov/Projects/SPbNIX/clinemm/sdk/packages/core/src/extensions/tools/index.ts'
    Imported via "./model-tool-routing" from file '/Volumes/UserData/Users/chistyakov/Projects/SPbNIX/clinemm/sdk/packages/core/src/extensions/tools/runtime.ts'
sdk/packages/core/src/types/config.ts(19,32): error TS6059: File '/Volumes/UserData/Users/chistyakov/Projects/SPbNIX/clinemm/sdk/packages/core/src/extensions/tools/team/index.ts' is not under 'rootDir' '/Volumes/UserData/Users/chistyakov/Projects/SPbNIX/clinemm/apps/vscode'. 'rootDir' is expected to contain all source files.
  The file is in the program because:
    Imported via "../extensions/tools/team" from file '/Volumes/UserData/Users/chistyakov/Projects/SPbNIX/clinemm/sdk/packages/core/src/types/config.ts'
    Imported via "../../extensions/tools/team" from file '/Volumes/UserData/Users/chistyakov/Projects/SPbNIX/clinemm/sdk/packages/core/src/session/models/session-row.ts'
    Imported via "../../extensions/tools/team" from file '/Volumes/UserData/Users/chistyakov/Projects/SPbNIX/clinemm/sdk/packages/core/src/runtime/orchestration/session-runtime.ts'
    Imported via "../extensions/tools/team" from file '/Volumes/UserData/Users/chistyakov/Projects/SPbNIX/clinemm/sdk/packages/core/src/types/storage.ts'
    Imported via "../../extensions/tools/team" from file '/Volumes/UserData/Users/chistyakov/Projects/SPbNIX/clinemm/sdk/packages/core/src/session/services/persistence-service.ts'
    Imported via "../../extensions/tools/team" from file '/Volumes/UserData/Users/chistyakov/Projects/SPbNIX/clinemm/sdk/packages/core/src/session/team/team-child-session-manager.ts'
    Imported via "../../extensions/tools/team" from file '/Volumes/UserData/Users/chistyakov/Projects/SPbNIX/clinemm/sdk/packages/core/src/session/team/team-session-coordinator.ts'
    Imported via "../../extensions/tools/team" from file '/Volumes/UserData/Users/chistyakov/Projects/SPbNIX/clinemm/sdk/packages/core/src/session/team/team-session-coordinator.ts'
    Imported via "../../extensions/tools/team" from file '/Volumes/UserData/Users/chistyakov/Projects/SPbNIX/clinemm/sdk/packages/core/src/runtime/host/local-runtime-host.ts'
    Imported via "../extensions/tools/team" from file '/Volumes/UserData/Users/chistyakov/Projects/SPbNIX/clinemm/sdk/packages/core/src/services/local-runtime-bootstrap.ts'
    Imported via "../../extensions/tools/team" from file '/Volumes/UserData/Users/chistyakov/Projects/SPbNIX/clinemm/sdk/packages/core/src/runtime/orchestration/runtime-builder.ts'
    Imported via "../../extensions/tools/team" from file '/Volumes/UserData/Users/chistyakov/Projects/SPbNIX/clinemm/sdk/packages/core/src/services/storage/file-team-store.ts'
    Imported via "../../extensions/tools/team" from file '/Volumes/UserData/Users/chistyakov/Projects/SPbNIX/clinemm/sdk/packages/core/src/services/storage/sqlite-team-store.ts'
    Imported via "../../../extensions/tools/team" from file '/Volumes/UserData/Users/chistyakov/Projects/SPbNIX/clinemm/sdk/packages/core/src/runtime/host/local/agent-event-bridge.ts'
    Imported via "../../../extensions/tools/team" from file '/Volumes/UserData/Users/chistyakov/Projects/SPbNIX/clinemm/sdk/packages/core/src/runtime/host/local/spawn-tool.ts'
    Imported via "../../../extensions/tools/team" from file '/Volumes/UserData/Users/chistyakov/Projects/SPbNIX/clinemm/sdk/packages/core/src/runtime/host/local/spawn-tool.ts'
    Imported via "./extensions/tools/team" from file '/Volumes/UserData/Users/chistyakov/Projects/SPbNIX/clinemm/sdk/packages/core/src/index.ts'
    Imported via "../../extensions/tools/team" from file '/Volumes/UserData/Users/chistyakov/Projects/SPbNIX/clinemm/sdk/packages/core/src/session/stores/team-persistence-store.ts'
sdk/packages/core/src/types/config.ts(20,37): error TS6059: File '/Volumes/UserData/Users/chistyakov/Projects/SPbNIX/clinemm/sdk/packages/core/src/types/provider-settings.ts' is not under 'rootDir' '/Volumes/UserData/Users/chistyakov/Projects/SPbNIX/clinemm/apps/vscode'. 'rootDir' is expected to contain all source files.
  The file is in the program because:
    Imported via "./provider-settings" from file '/Volumes/UserData/Users/chistyakov/Projects/SPbNIX/clinemm/sdk/packages/core/src/types/config.ts'
    Imported via "../../types/provider-settings" from file '/Volumes/UserData/Users/chistyakov/Projects/SPbNIX/clinemm/sdk/packages/core/src/extensions/context/compaction.ts'
    Imported via "../../types/provider-settings" from file '/Volumes/UserData/Users/chistyakov/Projects/SPbNIX/clinemm/sdk/packages/core/src/extensions/context/agentic-compaction.ts'
    Imported via "../../types/provider-settings" from file '/Volumes/UserData/Users/chistyakov/Projects/SPbNIX/clinemm/sdk/packages/core/src/extensions/context/compaction-shared.ts'
    Imported via "../types/provider-settings" from file '/Volumes/UserData/Users/chistyakov/Projects/SPbNIX/clinemm/sdk/packages/core/src/services/local-runtime-bootstrap.ts'
    Imported via "../../types/provider-settings" from file '/Volumes/UserData/Users/chistyakov/Projects/SPbNIX/clinemm/sdk/packages/core/src/runtime/orchestration/runtime-oauth-token-manager.ts'
    Imported via "../../types/provider-settings" from file '/Volumes/UserData/Users/chistyakov/Projects/SPbNIX/clinemm/sdk/packages/core/src/services/providers/local-provider-registry.ts'
    Imported via "../../types/provider-settings" from file '/Volumes/UserData/Users/chistyakov/Projects/SPbNIX/clinemm/sdk/packages/core/src/services/providers/local-provider-service.ts'
    Imported via "../../types/provider-settings" from file '/Volumes/UserData/Users/chistyakov/Projects/SPbNIX/clinemm/sdk/packages/core/src/services/storage/provider-settings-legacy-migration.ts'
    Imported via "./types/provider-settings" from file '/Volumes/UserData/Users/chistyakov/Projects/SPbNIX/clinemm/sdk/packages/core/src/index.ts'
    Imported via "./types/provider-settings" from file '/Volumes/UserData/Users/chistyakov/Projects/SPbNIX/clinemm/sdk/packages/core/src/index.ts'
    Imported via "../../types/provider-settings" from file '/Volumes/UserData/Users/chistyakov/Projects/SPbNIX/clinemm/sdk/packages/core/src/services/storage/provider-settings-manager.ts'
    Imported via "../types/provider-settings" from file '/Volumes/UserData/Users/chistyakov/Projects/SPbNIX/clinemm/sdk/packages/core/src/auth/provider-auth-registry.ts'
sdk/packages/core/src/types/events.ts(1,42): error TS6059: File '/Volumes/UserData/Users/chistyakov/Projects/SPbNIX/clinemm/sdk/packages/core/src/session/session-snapshot.ts' is not under 'rootDir' '/Volumes/UserData/Users/chistyakov/Projects/SPbNIX/clinemm/apps/vscode'. 'rootDir' is expected to contain all source files.
  The file is in the program because:
    Imported via "../session/session-snapshot" from file '/Volumes/UserData/Users/chistyakov/Projects/SPbNIX/clinemm/sdk/packages/core/src/types/events.ts'
    Imported via "../../session/session-snapshot" from file '/Volumes/UserData/Users/chistyakov/Projects/SPbNIX/clinemm/sdk/packages/core/src/hub/runtime-host/hub-runtime-host.ts'
    Imported via "../../session/session-snapshot" from file '/Volumes/UserData/Users/chistyakov/Projects/SPbNIX/clinemm/sdk/packages/core/src/runtime/host/local-runtime-host.ts'
    Imported via "./session-snapshot" from file '/Volumes/UserData/Users/chistyakov/Projects/SPbNIX/clinemm/sdk/packages/core/src/session/session-versioning-service.ts'
    Imported via "../../../session/session-snapshot" from file '/Volumes/UserData/Users/chistyakov/Projects/SPbNIX/clinemm/sdk/packages/core/src/hub/server/handlers/context.ts'
    Imported via "./session/session-snapshot" from file '/Volumes/UserData/Users/chistyakov/Projects/SPbNIX/clinemm/sdk/packages/core/src/index.ts'
    Imported via "./session/session-snapshot" from file '/Volumes/UserData/Users/chistyakov/Projects/SPbNIX/clinemm/sdk/packages/core/src/index.ts'
    Imported via "./session/session-snapshot" from file '/Volumes/UserData/Users/chistyakov/Projects/SPbNIX/clinemm/sdk/packages/core/src/types.ts'
sdk/packages/core/src/types/session.ts(4,35): error TS6059: File '/Volumes/UserData/Users/chistyakov/Projects/SPbNIX/clinemm/sdk/packages/core/src/runtime/orchestration/session-runtime.ts' is not under 'rootDir' '/Volumes/UserData/Users/chistyakov/Projects/SPbNIX/clinemm/apps/vscode'. 'rootDir' is expected to contain all source files.
  The file is in the program because:
    Imported via "../runtime/orchestration/session-runtime" from file '/Volumes/UserData/Users/chistyakov/Projects/SPbNIX/clinemm/sdk/packages/core/src/types/session.ts'
    Imported via "../runtime/orchestration/session-runtime" from file '/Volumes/UserData/Users/chistyakov/Projects/SPbNIX/clinemm/sdk/packages/core/src/services/local-runtime-bootstrap.ts'
    Imported via "./session-runtime" from file '/Volumes/UserData/Users/chistyakov/Projects/SPbNIX/clinemm/sdk/packages/core/src/runtime/orchestration/runtime-builder.ts'
    Imported via "../orchestration/session-runtime" from file '/Volumes/UserData/Users/chistyakov/Projects/SPbNIX/clinemm/sdk/packages/core/src/runtime/host/local-runtime-host.ts'
    Imported via "./runtime/orchestration/session-runtime" from file '/Volumes/UserData/Users/chistyakov/Projects/SPbNIX/clinemm/sdk/packages/core/src/index.ts'
    Imported via "./runtime/orchestration/session-runtime" from file '/Volumes/UserData/Users/chistyakov/Projects/SPbNIX/clinemm/sdk/packages/core/src/types.ts'
sdk/packages/core/src/types/session.ts(8,43): error TS6059: File '/Volumes/UserData/Users/chistyakov/Projects/SPbNIX/clinemm/sdk/packages/core/src/session/services/session-service.ts' is not under 'rootDir' '/Volumes/UserData/Users/chistyakov/Projects/SPbNIX/clinemm/apps/vscode'. 'rootDir' is expected to contain all source files.
  The file is in the program because:
    Imported via "../session/services/session-service" from file '/Volumes/UserData/Users/chistyakov/Projects/SPbNIX/clinemm/sdk/packages/core/src/types/session.ts'
    Imported via "../../session/services/session-service" from file '/Volumes/UserData/Users/chistyakov/Projects/SPbNIX/clinemm/sdk/packages/core/src/runtime/host/host.ts'
    Imported via "../../session/services/session-service" from file '/Volumes/UserData/Users/chistyakov/Projects/SPbNIX/clinemm/sdk/packages/core/src/runtime/host/local-runtime-host.ts'
    Imported via "../../../session/services/session-service" from file '/Volumes/UserData/Users/chistyakov/Projects/SPbNIX/clinemm/sdk/packages/core/src/runtime/host/local/session-record.ts'
    Imported via "../../session/services/session-service" from file '/Volumes/UserData/Users/chistyakov/Projects/SPbNIX/clinemm/sdk/packages/core/src/hub/daemon/runtime-handlers.ts'
    Imported via "../../session/services/session-service" from file '/Volumes/UserData/Users/chistyakov/Projects/SPbNIX/clinemm/sdk/packages/core/src/hub/server/hub-server-transport.ts'
    Imported via "./session/services/session-service" from file '/Volumes/UserData/Users/chistyakov/Projects/SPbNIX/clinemm/sdk/packages/core/src/index.ts'
    Imported via "./session/services/session-service" from file '/Volumes/UserData/Users/chistyakov/Projects/SPbNIX/clinemm/sdk/packages/core/src/index.ts'
    Imported via "./session/services/session-service" from file '/Volumes/UserData/Users/chistyakov/Projects/SPbNIX/clinemm/sdk/packages/core/src/types.ts'
